unique_id,date,source,headline,url
2021-09-30_de_01_0,2021-09-30,Detik,Pelaku Spesialis Jambret di Tambora Jakbar Diciduk Seusai Beraksi,https://news.detik.com/berita/d-5747722/pelaku-spesialis-jambret-di-tambora-jakbar-diciduk-seusai-beraksi
2021-09-30_de_01_1,2021-09-30,Detik,"Desa Burai Sumsel Masuk 50 Wisata Terbaik RI, Sandiaga Apresiasi Herman Deru",https://news.detik.com/berita/d-5747721/desa-burai-sumsel-masuk-50-wisata-terbaik-ri-sandiaga-apresiasi-herman-deru
2021-09-30_de_01_2,2021-09-30,Detik,Polisi Selidiki Pembuang Bangkai Anjing di Pinggir Kali Jakbar,https://news.detik.com/berita/d-5747716/polisi-selidiki-pembuang-bangkai-anjing-di-pinggir-kali-jakbar
2021-09-30_de_01_3,2021-09-30,Detik,Satpol PP Copot 10 Spanduk Tolak Nobar G30S/PKI di Jakpus,https://news.detik.com/berita/d-5747697/satpol-pp-copot-10-spanduk-tolak-nobar-g30spki-di-jakpus
2021-09-30_de_01_4,2021-09-30,Detik,Pelajar di Polman Sulbar Terpaksa Seberangi Sungai Deras Demi ke Sekolah,https://news.detik.com/berita/d-5747696/pelajar-di-polman-sulbar-terpaksa-seberangi-sungai-deras-demi-ke-sekolah
2021-09-30_de_01_5,2021-09-30,Detik,"Pariwisata Mulai Menggeliat, Protokol Kesehatan Diminta Diperketat",https://news.detik.com/berita/d-5747689/pariwisata-mulai-menggeliat-protokol-kesehatan-diminta-diperketat
2021-09-30_de_01_6,2021-09-30,Detik,Kala Adik Kim Jong-Un Kini Duduki Jabatan Penting di Korea Utara,https://news.detik.com/internasional/d-5747688/kala-adik-kim-jong-un-kini-duduki-jabatan-penting-di-korea-utara
2021-09-30_de_01_7,2021-09-30,Detik,"Gempa M 3,2 Terjadi di Lombok Utara NTB",https://news.detik.com/berita/d-5747686/gempa-m-32-terjadi-di-lombok-utara-ntb
2021-09-30_de_01_8,2021-09-30,Detik,NU Dukung PTM Terbatas di Pesantren dengan Prokes Ketat,https://news.detik.com/berita/d-5747684/nu-dukung-ptm-terbatas-di-pesantren-dengan-prokes-ketat
2021-09-30_de_01_9,2021-09-30,Detik,Teguran Bos Dibalas Pria di Kepri dengan Sewa Pembunuh Bayaran,https://news.detik.com/berita/d-5747681/teguran-bos-dibalas-pria-di-kepri-dengan-sewa-pembunuh-bayaran
2021-09-30_de_1_10,2021-09-30,Detik,Penjaga Kebun di Banyuwangi Cabuli 2 Bocah,https://news.detik.com/berita-jawa-timur/d-5747680/penjaga-kebun-di-banyuwangi-cabuli-2-bocah
2021-09-30_de_1_11,2021-09-30,Detik,"Ketua DPD: Jika Daerah Kuat, Maka Indonesia Juga Kuat",https://news.detik.com/berita/d-5747679/ketua-dpd-jika-daerah-kuat-maka-indonesia-juga-kuat
2021-09-30_de_1_12,2021-09-30,Detik,KPK Akui Kesulitan Periksa Buron Kasus E-KTP Paulus Tannos di Singapura,https://news.detik.com/berita/d-5747678/kpk-akui-kesulitan-periksa-buron-kasus-e-ktp-paulus-tannos-di-singapura
2021-09-30_de_1_13,2021-09-30,Detik,"Polisi Ungkap Pria di Kaltim Perkosa Anak Tiri, Bukti Visum Bikin Miris",https://news.detik.com/berita/d-5747676/polisi-ungkap-pria-di-kaltim-perkosa-anak-tiri-bukti-visum-bikin-miris
2021-09-30_de_1_14,2021-09-30,Detik,Waket MPR Dukung Target Angka Kemiskinan Ekstrem Nihil di 2024,https://news.detik.com/berita/d-5747674/waket-mpr-dukung-target-angka-kemiskinan-ekstrem-nihil-di-2024
2021-09-30_de_1_15,2021-09-30,Detik,Saat Megawati Bicara Sanksi Pemecatan Kader di Depan Ganjar,https://news.detik.com/detiktv/d-5747673/saat-megawati-bicara-sanksi-pemecatan-kader-di-depan-ganjar
2021-09-30_de_1_16,2021-09-30,Detik,DPD RI Bahas soal Keamanan Wilayah Perbatasan dengan Pemprov Kepri,https://news.detik.com/berita/d-5747672/dpd-ri-bahas-soal-keamanan-wilayah-perbatasan-dengan-pemprov-kepri
2021-09-30_de_1_17,2021-09-30,Detik,Saat Warga yang Belum Divaksinasi Covid-19 Terjaring Razia Polisi,https://news.detik.com/detiktv/d-5747669/saat-warga-yang-belum-divaksinasi-covid-19-terjaring-razia-polisi
2021-09-30_de_1_18,2021-09-30,Detik,"NTB Bentuk Batalion Pcare, Percepat Laporan Jumlah Warga Tervaksin di Loteng",https://news.detik.com/berita/d-5747668/ntb-bentuk-batalion-pcare-percepat-laporan-jumlah-warga-tervaksin-di-loteng
2021-09-30_de_1_19,2021-09-30,Detik,30 Ribu Vaksin Disebar di Aglomerasi Surabaya untuk Pulihkan Ekonomi,https://news.detik.com/berita-jawa-timur/d-5747664/30-ribu-vaksin-disebar-di-aglomerasi-surabaya-untuk-pulihkan-ekonomi
2021-09-30_de_02_0,2021-09-30,Detik,Dua Kali Irjen Napoleon Pukul M Kace demi Pamer Kuasa,https://news.detik.com/berita/d-5747666/dua-kali-irjen-napoleon-pukul-m-kace-demi-pamer-kuasa
2021-09-30_de_02_1,2021-09-30,Detik,"Jadi Tersangka Suap, 10 Anggota DPRD Muara Enim Terima Sampai Rp 500 Juta",https://news.detik.com/detiktv/d-5747663/jadi-tersangka-suap-10-anggota-dprd-muara-enim-terima-sampai-rp-500-juta
2021-09-30_de_02_2,2021-09-30,Detik,"Pulihkan Wisata Banyuwangi, Bupati Ipuk Beber Strategi 'Tiga Makin'",https://news.detik.com/berita-jawa-timur/d-5747662/pulihkan-wisata-banyuwangi-bupati-ipuk-beber-strategi-tiga-makin
2021-09-30_de_02_3,2021-09-30,Detik,"FAKN 2021 Lahirkan Deklarasi Sumedang, Begini Isi 7 Butirnya",https://news.detik.com/berita-jawa-barat/d-5747661/fakn-2021-lahirkan-deklarasi-sumedang-begini-isi-7-butirnya
2021-09-30_de_02_4,2021-09-30,Detik,Kemnaker Upayakan Korea Buka Kembali Penempatan Pekerja Migran,https://news.detik.com/berita/d-5747660/kemnaker-upayakan-korea-buka-kembali-penempatan-pekerja-migran
2021-09-30_de_02_5,2021-09-30,Detik,Pesan Wagub Terkait 1.509 Sekolah di Jakarta yang Gelar PTM Besok,https://news.detik.com/berita/d-5747657/pesan-wagub-terkait-1509-sekolah-di-jakarta-yang-gelar-ptm-besok
2021-09-30_de_02_6,2021-09-30,Detik,"Jelang Kongres, Ramram Klaim Kantongi 48 Suara Caketum Asprov PSSI Jabar",https://news.detik.com/berita-jawa-barat/d-5747656/jelang-kongres-ramram-klaim-kantongi-48-suara-caketum-asprov-pssi-jabar
2021-09-30_de_02_7,2021-09-30,Detik,Eksekusi Lahan Sengketa Berujung Tergugat Bakar Rumah Sendiri,https://news.detik.com/detiktv/d-5747655/eksekusi-lahan-sengketa-berujung-tergugat-bakar-rumah-sendiri
2021-09-30_de_02_8,2021-09-30,Detik,Prostitusi ABG di Apartemen Jaktim Terkuak Usai Ibu Lihat Korban di Michat,https://news.detik.com/berita/d-5747654/prostitusi-abg-di-apartemen-jaktim-terkuak-usai-ibu-lihat-korban-di-michat
2021-09-30_de_02_9,2021-09-30,Detik,"Judi Sabung Ayam di Banyuwangi Dibubarkan, Polisi Bakar Barang Bukti",https://news.detik.com/berita-jawa-timur/d-5747653/judi-sabung-ayam-di-banyuwangi-dibubarkan-polisi-bakar-barang-bukti
2021-09-30_de_2_10,2021-09-30,Detik,Balita yang Temani Jasad Nenek Berhari-hari di Jakut Sudah Dibawa Keluarganya,https://news.detik.com/berita/d-5747650/balita-yang-temani-jasad-nenek-berhari-hari-di-jakut-sudah-dibawa-keluarganya
2021-09-30_de_2_11,2021-09-30,Detik,"Kemiskinan Ekstrem di Karawang Tinggi, Ini Langkah Bupati Cellica",https://news.detik.com/berita-jawa-barat/d-5747649/kemiskinan-ekstrem-di-karawang-tinggi-ini-langkah-bupati-cellica
2021-09-30_de_2_12,2021-09-30,Detik,Mayor Gadungan Nyaris Dimassa Warga Saat Peras Pemilik Vila di Batu,https://news.detik.com/berita-jawa-timur/d-5747648/mayor-gadungan-nyaris-dimassa-warga-saat-peras-pemilik-vila-di-batu
2021-09-30_de_2_13,2021-09-30,Detik,10 Anggota DPRD Kabupaten Muara Enim Jadi Tersangka Korupsi,https://news.detik.com/detiktv/d-5747647/10-anggota-dprd-kabupaten-muara-enim-jadi-tersangka-korupsi
2021-09-30_de_2_14,2021-09-30,Detik,Kemnaker Bangun Kemitraan Strategis Perkuat BLK Komunitas,https://news.detik.com/berita/d-5747645/kemnaker-bangun-kemitraan-strategis-perkuat-blk-komunitas
2021-09-30_de_2_15,2021-09-30,Detik,Penjelasan Anies soal Formula E Via Dokumen Tuai Kritikan,https://news.detik.com/berita/d-5747643/penjelasan-anies-soal-formula-e-via-dokumen-tuai-kritikan
2021-09-30_de_2_16,2021-09-30,Detik,Monumen Ini Jadi Saksi Bisu Keganasan PKI di Banyuwangi,https://news.detik.com/foto-news/d-5747558/monumen-ini-jadi-saksi-bisu-keganasan-pki-di-banyuwangi
2021-09-30_de_2_17,2021-09-30,Detik,Satpol PP Jombang Hentikan Pembangunan Dua Menara Seluler Tanpa IMB,https://news.detik.com/berita-jawa-timur/d-5747635/satpol-pp-jombang-hentikan-pembangunan-dua-menara-seluler-tanpa-imb
2021-09-30_de_2_18,2021-09-30,Detik,"Viral Korban Bom Gereja Katedral Makassar Tagih Janji Pemerintah, Ini Faktanya",https://news.detik.com/berita/d-5747641/viral-korban-bom-gereja-katedral-makassar-tagih-janji-pemerintah-ini-faktanya
2021-09-30_de_2_19,2021-09-30,Detik,Kolaborasi Akademisi-Pemerintah Rancang Pelayanan Publik Society 5.0,https://news.detik.com/berita-jawa-barat/d-5747640/kolaborasi-akademisi-pemerintah-rancang-pelayanan-publik-society-50
2021-09-30_de_03_0,2021-09-30,Detik,Wagub DKI Bela Anies yang Dikritik Jelaskan Formula E Lewat Dokumen,https://news.detik.com/berita/d-5747637/wagub-dki-bela-anies-yang-dikritik-jelaskan-formula-e-lewat-dokumen
2021-09-30_de_03_1,2021-09-30,Detik,Tersangka Kasus Sabu di Surabaya Tewas Ditembak Saat Kabur Ketika Dikeler,https://news.detik.com/berita-jawa-timur/d-5747633/tersangka-kasus-sabu-di-surabaya-tewas-ditembak-saat-kabur-ketika-dikeler
2021-09-30_de_03_2,2021-09-30,Detik,"MK Nyatakan Koruptor Berhak Dapat Remisi, KPK Serahkan ke Kemenkumham",https://news.detik.com/berita/d-5747632/mk-nyatakan-koruptor-berhak-dapat-remisi-kpk-serahkan-ke-kemenkumham
2021-09-30_de_03_3,2021-09-30,Detik,Demokrat Harap Jokowi Konsisten Tolak Kubu Moeldoko,https://news.detik.com/berita/d-5747631/demokrat-harap-jokowi-konsisten-tolak-kubu-moeldoko
2021-09-30_de_03_4,2021-09-30,Detik,Peta Sebaran Covid-19 RI per 30 September 2021: Jatim Tertinggi,https://news.detik.com/detiktv/d-5747629/peta-sebaran-covid-19-ri-per-30-september-2021-jatim-tertinggi
2021-09-30_de_03_5,2021-09-30,Detik,Jabar Hari Ini: Menantu Penjarakan Mertua-Pejabat Dinsos Tilap Bantuan Kebakaran,https://news.detik.com/berita-jawa-barat/d-5747628/jabar-hari-ini-menantu-penjarakan-mertua-pejabat-dinsos-tilap-bantuan-kebakaran
2021-09-30_de_03_6,2021-09-30,Detik,"Monumen Lubang Buaya Banyuwangi, Saksi Kejamnya PKI di Bumi Blambangan",https://news.detik.com/detiktv/d-5747626/monumen-lubang-buaya-banyuwangi-saksi-kejamnya-pki-di-bumi-blambangan
2021-09-30_de_03_7,2021-09-30,Detik,Bejat! Muncikari Prostitusi ABG di Apartemen Jaktim Jual Kegadisan Korban,https://news.detik.com/berita/d-5747624/bejat-muncikari-prostitusi-abg-di-apartemen-jaktim-jual-kegadisan-korban
2021-09-30_de_03_8,2021-09-30,Detik,KPK Ogah Ikut Campur Jika Polri Rekut 57 Eks Pegawai: Tak Ada Hubungan Lagi,https://news.detik.com/berita/d-5747623/kpk-ogah-ikut-campur-jika-polri-rekut-57-eks-pegawai-tak-ada-hubungan-lagi
2021-09-30_de_03_9,2021-09-30,Detik,Ke Mana Novel Baswedan dkk Berlabuh Usai Dipecat KPK?,https://news.detik.com/berita/d-5747622/ke-mana-novel-baswedan-dkk-berlabuh-usai-dipecat-kpk
2021-09-30_de_3_10,2021-09-30,Detik,"Anak Nia Daniaty Bantah Tipu-tipu: Saya Tawarkan Les, Bukan Tes CPNS",https://news.detik.com/berita/d-5747621/anak-nia-daniaty-bantah-tipu-tipu-saya-tawarkan-les-bukan-tes-cpns
2021-09-30_de_3_11,2021-09-30,Detik,Wajah Istana Majapahit di Mojokerto Setelah 4 Tahap Ekskavasi,https://news.detik.com/foto-news/d-5747545/wajah-istana-majapahit-di-mojokerto-setelah-4-tahap-ekskavasi
2021-09-30_de_3_12,2021-09-30,Detik,Bamsoet Tekankan Proyek Ibu Kota Baru Perlu Diperkuat Lewat PPHN,https://news.detik.com/berita/d-5747620/bamsoet-tekankan-proyek-ibu-kota-baru-perlu-diperkuat-lewat-pphn
2021-09-30_de_3_13,2021-09-30,Detik,Bocah Bogor Tewas Saat Selamatkan Adiknya yang Tenggelam di Kolam Retensi,https://news.detik.com/berita-jawa-barat/d-5747619/bocah-bogor-tewas-saat-selamatkan-adiknya-yang-tenggelam-di-kolam-retensi
2021-09-30_de_3_14,2021-09-30,Detik,"Di Depan Ganjar, Megawati Bicara Sanksi Pemecatan Kader PDIP",https://news.detik.com/berita/d-5747618/di-depan-ganjar-megawati-bicara-sanksi-pemecatan-kader-pdip
2021-09-30_de_3_15,2021-09-30,Detik,Anak Nia Daniaty Kaget Dipolisikan soal Dugaan Penipuan CPNS,https://news.detik.com/berita/d-5747617/anak-nia-daniaty-kaget-dipolisikan-soal-dugaan-penipuan-cpns
2021-09-30_de_3_16,2021-09-30,Detik,Ormas Bentukan Eks Elit FPI di Surabaya Gelar Nobar Film G30S/PKI,https://news.detik.com/berita-jawa-timur/d-5747616/ormas-bentukan-eks-elit-fpi-di-surabaya-gelar-nobar-film-g30spki
2021-09-30_de_3_17,2021-09-30,Detik,"Bertemu di Rumah Duka Sabam Sirait, Ahok Kenang Pilgub DKI dengan Jokowi",https://news.detik.com/berita/d-5747615/bertemu-di-rumah-duka-sabam-sirait-ahok-kenang-pilgub-dki-dengan-jokowi
2021-09-30_de_3_18,2021-09-30,Detik,"SMK di Purworejo Kebakaran, Asap Membubung Tinggi",https://news.detik.com/berita-jawa-tengah/d-5747601/smk-di-purworejo-kebakaran-asap-membubung-tinggi
2021-09-30_de_3_19,2021-09-30,Detik,PD ke Yusril: Kalau Demi Uang Jangan Bawa-bawa Demokrasi,https://news.detik.com/detiktv/d-5747599/pd-ke-yusril-kalau-demi-uang-jangan-bawa-bawa-demokrasi
2021-09-30_de_04_0,2021-09-30,Detik,"Jokowi-Ahok Ketemu di Rumah Duka Sabam Sirait, Ingat Nyalon Pilgub DKI",https://news.detik.com/detiktv/d-5747598/jokowi-ahok-ketemu-di-rumah-duka-sabam-sirait-ingat-nyalon-pilgub-dki
2021-09-30_de_04_1,2021-09-30,Detik,"Walkot Semarang Bertemu Dubes Belanda, Bahas Penurunan Muka Tanah",https://news.detik.com/berita/d-5747597/walkot-semarang-bertemu-dubes-belanda-bahas-penurunan-muka-tanah
2021-09-30_de_04_2,2021-09-30,Detik,Warga Mojokerto Minta Pemerintah Bebaskan Lahan Terdampak Situs Kumitir,https://news.detik.com/berita-jawa-timur/d-5747596/warga-mojokerto-minta-pemerintah-bebaskan-lahan-terdampak-situs-kumitir
2021-09-30_de_04_3,2021-09-30,Detik,Demo Protes Pemecatan Pegawai KPK di Semarang Dibubarkan Polisi!,https://news.detik.com/berita-jawa-tengah/d-5747595/demo-protes-pemecatan-pegawai-kpk-di-semarang-dibubarkan-polisi
2021-09-30_de_04_4,2021-09-30,Detik,"Dipuji Ma'ruf Amin, Kota Bandung Punya Ratusan Lokasi Urban Farming",https://news.detik.com/berita-jawa-barat/d-5747594/dipuji-maruf-amin-kota-bandung-punya-ratusan-lokasi-urban-farming
2021-09-30_de_04_5,2021-09-30,Detik,Terkuak Uang Damai di Balik Anggota Dewan Perkosa Rekan Partai,https://news.detik.com/berita/d-5747593/terkuak-uang-damai-di-balik-anggota-dewan-perkosa-rekan-partai
2021-09-30_de_04_6,2021-09-30,Detik,Potret Proyek IPAL di Pekanbaru yang Dikeluhkan Warga,https://news.detik.com/foto-news/d-5747515/potret-proyek-ipal-di-pekanbaru-yang-dikeluhkan-warga
2021-09-30_de_04_7,2021-09-30,Detik,"Ngaku Keturunan Nyi Roro Kidul-Tipu Anggota DPR, Siska Dituntut 10 Tahun Bui",https://news.detik.com/berita/d-5747589/ngaku-keturunan-nyi-roro-kidul-tipu-anggota-dpr-siska-dituntut-10-tahun-bui
2021-09-30_de_04_8,2021-09-30,Detik,Baku Pukul di Demo Tolak Pembangunan Videotron di Majene,https://news.detik.com/detiktv/d-5747588/baku-pukul-di-demo-tolak-pembangunan-videotron-di-majene
2021-09-30_de_04_9,2021-09-30,Detik,"Di Lumajang Sempat Beredar BBM Palsu, Kini 3 Pembuatnya Sudah Diamankan",https://news.detik.com/berita-jawa-timur/d-5747586/di-lumajang-sempat-beredar-bbm-palsu-kini-3-pembuatnya-sudah-diamankan
2021-09-30_de_4_10,2021-09-30,Detik,Anak-anak di Tenjolaut Tak Perlu Lagi Bertaruh Nyawa Pergi ke Sekolah,https://news.detik.com/berita-jawa-barat/d-5747585/anak-anak-di-tenjolaut-tak-perlu-lagi-bertaruh-nyawa-pergi-ke-sekolah
2021-09-30_de_4_11,2021-09-30,Detik,"Eksekusi Lahan di Purwakarta Ricuh, Tergugat Bakar Rumahnya Sendiri",https://news.detik.com/berita-jawa-barat/d-5747584/eksekusi-lahan-di-purwakarta-ricuh-tergugat-bakar-rumahnya-sendiri
2021-09-30_de_4_12,2021-09-30,Detik,Polisi Penilang Pengemudi Bawa Sepeda di Mobil Salah Terapkan Pasal 307 UU LLAJ,https://news.detik.com/berita/d-5747582/polisi-penilang-pengemudi-bawa-sepeda-di-mobil-salah-terapkan-pasal-307-uu-llaj
2021-09-30_de_4_13,2021-09-30,Detik,Adu Batik Pesohor di Senayan,https://news.detik.com/intermeso/d-5747583/adu-batik-pesohor-di-senayan
2021-09-30_de_4_14,2021-09-30,Detik,Di Desa Ini Ada 4 Lokasi Makam Massal Aktivis PKI yang Dieksekusi Mati,https://news.detik.com/berita-jawa-tengah/d-5747573/di-desa-ini-ada-4-lokasi-makam-massal-aktivis-pki-yang-dieksekusi-mati
2021-09-30_de_4_15,2021-09-30,Detik,KPK Tetapkan 10 Anggota DPRD Muara Enim Jadi Tersangka Suap,https://news.detik.com/berita/d-5747572/kpk-tetapkan-10-anggota-dprd-muara-enim-jadi-tersangka-suap
2021-09-30_de_4_16,2021-09-30,Detik,Korban Ungkap Modus Penipuan Anak Nia Daniaty: Pamer Foto Bareng Pejabat,https://news.detik.com/berita/d-5747569/korban-ungkap-modus-penipuan-anak-nia-daniaty-pamer-foto-bareng-pejabat
2021-09-30_de_4_17,2021-09-30,Detik,Unjuk Rasa Mahasiswa Tolak Pembangunan Videotron di Majene Sempat Ricuh,https://news.detik.com/berita/d-5747568/unjuk-rasa-mahasiswa-tolak-pembangunan-videotron-di-majene-sempat-ricuh
2021-09-30_de_4_18,2021-09-30,Detik,"Pemko Pekanbaru Setop Parkir Berbayar di Minimarket, Jukir Liar Beroperasi",https://news.detik.com/berita/d-5747531/pemko-pekanbaru-setop-parkir-berbayar-di-minimarket-jukir-liar-beroperasi
2021-09-30_de_4_19,2021-09-30,Detik,Cara Keras Petempur Taliban Tembak ke Udara Bubarkan Pendemo Wanita,https://news.detik.com/internasional/d-5747530/cara-keras-petempur-taliban-tembak-ke-udara-bubarkan-pendemo-wanita
2021-09-30_de_05_0,2021-09-30,Detik,"Selain Rumah Plt Bupati Probolinggo, KPK Juga Geledah Kediaman Sekda",https://news.detik.com/berita-jawa-timur/d-5747528/selain-rumah-plt-bupati-probolinggo-kpk-juga-geledah-kediaman-sekda
2021-09-30_de_05_1,2021-09-30,Detik,"Data Lengkap Corona RI 30 September, Kasus Baru Tambah 1.690, Sembuh 2.848",https://news.detik.com/berita/d-5747526/data-lengkap-corona-ri-30-september-kasus-baru-tambah-1690-sembuh-2848
2021-09-30_de_05_2,2021-09-30,Detik,Momen Ketua Komisioner OJK Tinjau Vaksinasi untuk Negeri,https://news.detik.com/foto-news/d-5747717/momen-ketua-komisioner-ojk-tinjau-vaksinasi-untuk-negeri
2021-09-30_de_05_3,2021-09-30,Detik,"Satu Siswa di Surabaya Diketahui Positif COVID-19, Tapi Bukan Tertular dari PTM",https://news.detik.com/berita-jawa-timur/d-5747522/satu-siswa-di-surabaya-diketahui-positif-covid-19-tapi-bukan-tertular-dari-ptm
2021-09-30_de_05_4,2021-09-30,Detik,"Dituduh Jadi Dalang Pembunuhan Ustaz, Pria Ini Polisikan Sesama YouTuber",https://news.detik.com/berita-jawa-tengah/d-5747504/dituduh-jadi-dalang-pembunuhan-ustaz-pria-ini-polisikan-sesama-youtuber
2021-09-30_de_05_5,2021-09-30,Detik,Dramatis! Novel Baswedan dan Sumarsih Pegang Payung Hitam di Depan Istana,https://news.detik.com/berita/d-5747501/dramatis-novel-baswedan-dan-sumarsih-pegang-payung-hitam-di-depan-istana
2021-09-30_de_05_6,2021-09-30,Detik,Pembunuhan Eks Anggota DPRD Sergai Diduga Dipicu Dendam soal Calon Istri,https://news.detik.com/berita/d-5747500/pembunuhan-eks-anggota-dprd-sergai-diduga-dipicu-dendam-soal-calon-istri
2021-09-30_de_05_7,2021-09-30,Detik,"Salah Pasal, Tilang Pengendara yang Bawa Sepeda ke Mobil Dianulir!",https://news.detik.com/berita/d-5747494/salah-pasal-tilang-pengendara-yang-bawa-sepeda-ke-mobil-dianulir
2021-09-30_de_05_8,2021-09-30,Detik,"Bantu IKM yang Terdampak Pandemi, Jabar Siapkan 'Material Center'",https://news.detik.com/berita-jawa-barat/d-5747492/bantu-ikm-yang-terdampak-pandemi-jabar-siapkan-material-center
2021-09-30_de_05_9,2021-09-30,Detik,"Korban Penipuan Anak Nia Daniaty Diperiksa, Serahkan 3 Bukti ke Penyidik",https://news.detik.com/berita/d-5747488/korban-penipuan-anak-nia-daniaty-diperiksa-serahkan-3-bukti-ke-penyidik
2021-09-30_de_5_10,2021-09-30,Detik,'Relawan Kawan Sandi' Geram Disebut Pengganggu,https://news.detik.com/berita/d-5747487/relawan-kawan-sandi-geram-disebut-pengganggu
2021-09-30_de_5_11,2021-09-30,Detik,"Bawa Foto Munir, BEM UNS Gelar Aksi September Hitam",https://news.detik.com/foto-news/d-5747478/bawa-foto-munir-bem-uns-gelar-aksi-september-hitam
2021-09-30_de_5_12,2021-09-30,Detik,Gubernur Kalteng Harapkan Peran Aktif Industri Lokal untuk Kelola SDA,https://news.detik.com/berita/d-5747400/gubernur-kalteng-harapkan-peran-aktif-industri-lokal-untuk-kelola-sda
2021-09-30_de_5_13,2021-09-30,Detik,Eks Ketua WP Bagikan Surat 'Berprestasi' dari KPK tapi Dipecat,https://news.detik.com/berita/d-5747467/eks-ketua-wp-bagikan-surat-berprestasi-dari-kpk-tapi-dipecat
2021-09-30_de_5_14,2021-09-30,Detik,Suami Bakar Istri di Probolinggo Ngaku Kesal Gegara Pasangan Selingkuh,https://news.detik.com/detiktv/d-5747466/suami-bakar-istri-di-probolinggo-ngaku-kesal-gegara-pasangan-selingkuh
2021-09-30_de_5_15,2021-09-30,Detik,Detik-detik Novel Baswedan dkk Tinggalkan Gedung KPK,https://news.detik.com/detiktv/d-5747465/detik-detik-novel-baswedan-dkk-tinggalkan-gedung-kpk
2021-09-30_de_5_16,2021-09-30,Detik,Kasus Gowes Wali Kota Malang yang Langgar PPKM Level 3 Ditangani Polda Jatim,https://news.detik.com/berita-jawa-timur/d-5747459/kasus-gowes-wali-kota-malang-yang-langgar-ppkm-level-3-ditangani-polda-jatim
2021-09-30_de_5_17,2021-09-30,Detik,"DPR Perpanjang Pembahasan 3 RUU, Termasuk Perlindungan Data Pribadi",https://news.detik.com/berita/d-5747464/dpr-perpanjang-pembahasan-3-ruu-termasuk-perlindungan-data-pribadi
2021-09-30_de_5_18,2021-09-30,Detik,Mahfud Anggap Buzzer Hama Sekaligus Konsekuensi Demokrasi,https://news.detik.com/berita/d-5747463/mahfud-anggap-buzzer-hama-sekaligus-konsekuensi-demokrasi
2021-09-30_de_5_19,2021-09-30,Detik,Pasien COVID-19 Banyuwangi yang Dirawat di RS Hanya Tersisa 10 Orang,https://news.detik.com/berita-jawa-timur/d-5747451/pasien-covid-19-banyuwangi-yang-dirawat-di-rs-hanya-tersisa-10-orang
2021-09-30_de_06_0,2021-09-30,Detik,Megawati Ingatkan Tindak Tanduk Kader PDIP Dipantau Situation Room!,https://news.detik.com/berita/d-5747452/megawati-ingatkan-tindak-tanduk-kader-pdip-dipantau-situation-room
2021-09-30_de_06_1,2021-09-30,Detik,Dewan Syariah PKS Minta Maaf Bikin Gaduh soal Anjuran Poligami,https://news.detik.com/berita/d-5747449/dewan-syariah-pks-minta-maaf-bikin-gaduh-soal-anjuran-poligami
2021-09-30_de_06_2,2021-09-30,Detik,Letjen Dudung Cerita Latar Belakang Penurunan Baliho Habib Rizieq,https://news.detik.com/berita/d-5747448/letjen-dudung-cerita-latar-belakang-penurunan-baliho-habib-rizieq
2021-09-30_de_06_3,2021-09-30,Detik,Pecah Tangis Pegawai Aktif KPK Lepas Kepergian Novel Baswedan dkk,https://news.detik.com/berita/d-5747447/pecah-tangis-pegawai-aktif-kpk-lepas-kepergian-novel-baswedan-dkk
2021-09-30_de_06_4,2021-09-30,Detik,Saat Anak Yatim di Bojonegoro Diajak Doakan Orang Tua dan Diberi Santunan,https://news.detik.com/berita-jawa-timur/d-5747445/saat-anak-yatim-di-bojonegoro-diajak-doakan-orang-tua-dan-diberi-santunan
2021-09-30_de_06_5,2021-09-30,Detik,"MUI Persilakan Saf Salat Rapat di PPKM Level 1, Ini Kata Satgas",https://news.detik.com/detiktv/d-5747444/mui-persilakan-saf-salat-rapat-di-ppkm-level-1-ini-kata-satgas
2021-09-30_de_06_6,2021-09-30,Detik,Heboh Pengendara Ditilang Gegara Bawa Sepeda Dalam Mobil,https://news.detik.com/detiktv/d-5747442/heboh-pengendara-ditilang-gegara-bawa-sepeda-dalam-mobil
2021-09-30_de_06_7,2021-09-30,Detik,Tersangka Kasus Sodomi Santri di Sumsel Bertambah Jadi 2 Orang,https://news.detik.com/berita/d-5747441/tersangka-kasus-sodomi-santri-di-sumsel-bertambah-jadi-2-orang
2021-09-30_de_06_8,2021-09-30,Detik,Monumen Lubang Buaya Banyuwangi Diharapkan Jadi Wisata Religi dan Historis,https://news.detik.com/berita-jawa-timur/d-5747423/monumen-lubang-buaya-banyuwangi-diharapkan-jadi-wisata-religi-dan-historis
2021-09-30_de_06_9,2021-09-30,Detik,"Bersama MarkPlus, Pemkab Musi Luncurkan Buku Musi Banyuasin 2030",https://news.detik.com/berita/d-5747405/bersama-markplus-pemkab-musi-luncurkan-buku-musi-banyuasin-2030
2021-09-30_de_6_10,2021-09-30,Detik,BPN Minta Sentul City Setop Somasi Rocky Gerung: Utamakan Musyawarah,https://news.detik.com/berita/d-5747399/bpn-minta-sentul-city-setop-somasi-rocky-gerung-utamakan-musyawarah
2021-09-30_de_6_11,2021-09-30,Detik,Anggota DPR Minta Pemerintah Batalkan Kebijakan PNBP Sektor Perikanan,https://news.detik.com/berita/d-5747396/anggota-dpr-minta-pemerintah-batalkan-kebijakan-pnbp-sektor-perikanan
2021-09-30_de_6_12,2021-09-30,Detik,Pemprov Kalteng Terima Bantuan ISO Tank Kapasitas 21 Ton dari Polri,https://news.detik.com/berita/d-5747395/pemprov-kalteng-terima-bantuan-iso-tank-kapasitas-21-ton-dari-polri
2021-09-30_de_6_13,2021-09-30,Detik,Potret Bendera Setengah Tiang di Istana Negara-Kantor Pemerintah Bandung,https://news.detik.com/foto-news/d-5747244/potret-bendera-setengah-tiang-di-istana-negara-kantor-pemerintah-bandung
2021-09-30_de_6_14,2021-09-30,Detik,Mahasiswa Yogyakarta Kritisi 2 Tahun Kabinet Jokowi-Amin,https://news.detik.com/foto-news/d-5747388/mahasiswa-yogyakarta-kritisi-2-tahun-kabinet-jokowi-amin
2021-09-30_de_6_15,2021-09-30,Detik,Jaksa KPK Dalami Kaitan Nurdin Beli Lahan 17 Hektare dengan Kasus Suap,https://news.detik.com/berita/d-5747370/jaksa-kpk-dalami-kaitan-nurdin-beli-lahan-17-hektare-dengan-kasus-suap
2021-09-30_de_6_16,2021-09-30,Detik,Polda Metro: Bawa Sepeda dalam Mobil Boleh Asal Tak Ganggu Konsentrasi,https://news.detik.com/berita/d-5747367/polda-metro-bawa-sepeda-dalam-mobil-boleh-asal-tak-ganggu-konsentrasi
2021-09-30_de_6_17,2021-09-30,Detik,"Rukmini Chaimin, Kisah Sang Kekasih Kapten Pierre Tendean",https://news.detik.com/berita/d-5747350/rukmini-chaimin-kisah-sang-kekasih-kapten-pierre-tendean
2021-09-30_de_6_18,2021-09-30,Detik,Dewan Syariah PKS Cabut Anjuran Poligami!,https://news.detik.com/berita/d-5747349/dewan-syariah-pks-cabut-anjuran-poligami
2021-09-30_de_6_19,2021-09-30,Detik,Menteri Tjahjo Minta Perekrutan Eks Pegawai KPK Mengacu UU ASN,https://news.detik.com/berita/d-5747348/menteri-tjahjo-minta-perekrutan-eks-pegawai-kpk-mengacu-uu-asn
2021-09-30_de_07_0,2021-09-30,Detik,Menteri Tjahjo Minta Perekrutan Eks Pegawai KPK Mengacu UU ASN,https://news.detik.com/berita/d-5747348/menteri-tjahjo-minta-perekrutan-eks-pegawai-kpk-mengacu-uu-asn
2021-09-30_de_07_1,2021-09-30,Detik,Mahasiswa UNS Peringati September Hitam: Tragedi PKI hingga KPK,https://news.detik.com/berita-jawa-tengah/d-5747345/mahasiswa-uns-peringati-september-hitam-tragedi-pki-hingga-kpk
2021-09-30_de_07_2,2021-09-30,Detik,Pemprov DKI Gerebek Lumpur di 5 Titik Antisipasi Banjir,https://news.detik.com/berita/d-5747338/pemprov-dki-gerebek-lumpur-di-5-titik-antisipasi-banjir
2021-09-30_de_07_3,2021-09-30,Detik,Penuturan Saksi Mata Pembantaian Korban PKI di Kedung Kopi Solo,https://news.detik.com/berita-jawa-tengah/d-5747327/penuturan-saksi-mata-pembantaian-korban-pki-di-kedung-kopi-solo
2021-09-30_de_07_4,2021-09-30,Detik,DPR Harap Jokowi Segera Ajukan Calon Panglima TNI Pengganti Marsekal Hadi,https://news.detik.com/berita/d-5747322/dpr-harap-jokowi-segera-ajukan-calon-panglima-tni-pengganti-marsekal-hadi
2021-09-30_de_07_5,2021-09-30,Detik,Jokowi Melayat ke Rumah Duka Sabam Sirait,https://news.detik.com/detiktv/d-5747308/jokowi-melayat-ke-rumah-duka-sabam-sirait
2021-09-30_de_07_6,2021-09-30,Detik,"Galian SJUT Jl Senopati-Jl Suryo Jaksel Rampung, Kabel Masih Semrawut",https://news.detik.com/berita/d-5747306/galian-sjut-jl-senopati-jl-suryo-jaksel-rampung-kabel-masih-semrawut
2021-09-30_de_07_7,2021-09-30,Detik,Suami yang Bakar Istri Ngaku Geram Karena Pasangan Punya Selingkuhan,https://news.detik.com/berita-jawa-timur/d-5747305/suami-yang-bakar-istri-ngaku-geram-karena-pasangan-punya-selingkuhan
2021-09-30_de_07_8,2021-09-30,Detik,"Sengkarut Asuransi Bumiputera, Ketua MPR Minta Segera Diselesaikan",https://news.detik.com/berita/d-5747290/sengkarut-asuransi-bumiputera-ketua-mpr-minta-segera-diselesaikan
2021-09-30_de_07_9,2021-09-30,Detik,Mobil Teknologi Satelit Permudah Komunikasi Satgas Prokes di PON Papua,https://news.detik.com/berita/d-5747288/mobil-teknologi-satelit-permudah-komunikasi-satgas-prokes-di-pon-papua
2021-09-30_de_7_10,2021-09-30,Detik,BPN Akan Fasilitasi Rocky Gerung Audiensi dengan Sentul City Terkait Lahan,https://news.detik.com/berita/d-5747286/bpn-akan-fasilitasi-rocky-gerung-audiensi-dengan-sentul-city-terkait-lahan
2021-09-30_de_7_11,2021-09-30,Detik,"Jadi Tersangka Kasus 76 Kg Sabu, 11 Polisi di Sumut Segera Disidang",https://news.detik.com/berita/d-5747284/jadi-tersangka-kasus-76-kg-sabu-11-polisi-di-sumut-segera-disidang
2021-09-30_de_7_12,2021-09-30,Detik,Data BPN Bogor: Lahan Rocky Gerung HGB atas Nama Sentul City,https://news.detik.com/berita/d-5747283/data-bpn-bogor-lahan-rocky-gerung-hgb-atas-nama-sentul-city
2021-09-30_de_7_13,2021-09-30,Detik,"Jokowi, Anies hingga Ahok Melayat ke Rumah Duka Mendiang Sabam Sirait",https://news.detik.com/berita/d-5747274/jokowi-anies-hingga-ahok-melayat-ke-rumah-duka-mendiang-sabam-sirait
2021-09-30_de_7_14,2021-09-30,Detik,"PDIP Gelar Webinar, Ganjar Jadi Kader Pertama dari 2 yang Disapa Megawati",https://news.detik.com/berita/d-5747273/pdip-gelar-webinar-ganjar-jadi-kader-pertama-dari-2-yang-disapa-megawati
2021-09-30_de_7_15,2021-09-30,Detik,PN Kudus Tolak Gugatan Ganti Rugi Rumah Rusak Diduga Akibat Proyek Hotel,https://news.detik.com/berita-jawa-tengah/d-5747272/pn-kudus-tolak-gugatan-ganti-rugi-rumah-rusak-diduga-akibat-proyek-hotel
2021-09-30_de_7_16,2021-09-30,Detik,Dirlantas PMJ Minta Maaf Polisi Salah Pasal Tilang Pemobil Bawa Sepeda,https://news.detik.com/berita/d-5747271/dirlantas-pmj-minta-maaf-polisi-salah-pasal-tilang-pemobil-bawa-sepeda
2021-09-30_de_7_17,2021-09-30,Detik,HNW Apresiasi Pendidikan Islam Terpadu di SMPIT Al-Hikmah Depok,https://news.detik.com/berita/d-5747270/hnw-apresiasi-pendidikan-islam-terpadu-di-smpit-al-hikmah-depok
2021-09-30_de_7_18,2021-09-30,Detik,Letjen MT Haryono dan Kisah Malam Sebelum G30S/PKI,https://news.detik.com/berita/d-5747269/letjen-mt-haryono-dan-kisah-malam-sebelum-g30spki
2021-09-30_de_7_19,2021-09-30,Detik,7 Orang Tewas Tertimbun Tanah Longsor di Padang Pariaman,https://news.detik.com/detiktv/d-5747268/7-orang-tewas-tertimbun-tanah-longsor-di-padang-pariaman
2021-09-30_de_08_0,2021-09-30,Detik,AY Nasution Minta Patung Soeharto Dkk Dihilangkan karena Takut Neraka,https://news.detik.com/berita/d-5747262/ay-nasution-minta-patung-soeharto-dkk-dihilangkan-karena-takut-neraka
2021-09-30_de_08_1,2021-09-30,Detik,"Kim Jong-Un Kecam Tawaran Dialog AS, Pemukim Israel Serang Desa Palestina",https://news.detik.com/internasional/d-5747260/kim-jong-un-kecam-tawaran-dialog-as-pemukim-israel-serang-desa-palestina
2021-09-30_de_08_2,2021-09-30,Detik,"Kunker ke Papua, RK Tawarkan Pertanian Berbasis 4.0 ke Pemkab Sorong",https://news.detik.com/berita-jawa-barat/d-5747258/kunker-ke-papua-rk-tawarkan-pertanian-berbasis-40-ke-pemkab-sorong
2021-09-30_de_08_3,2021-09-30,Detik,Warga Harap Tak Buru-buru Digusur dari Lahan Pemprov DKI di Karet Tengsin,https://news.detik.com/berita/d-5747259/warga-harap-tak-buru-buru-digusur-dari-lahan-pemprov-dki-di-karet-tengsin
2021-09-30_de_08_4,2021-09-30,Detik,Istri Novel Baswedan: Saya Dukung Perjuangan Suami di Luar KPK,https://news.detik.com/berita/d-5747257/istri-novel-baswedan-saya-dukung-perjuangan-suami-di-luar-kpk
2021-09-30_de_08_5,2021-09-30,Detik,Mahfud Md Nilai Gatot Tak Perlu Buktikan Isu PKI: Ini Bukan Pengadilan,https://news.detik.com/berita/d-5747254/mahfud-md-nilai-gatot-tak-perlu-buktikan-isu-pki-ini-bukan-pengadilan
2021-09-30_de_08_6,2021-09-30,Detik,"5 Anggota KNPB Maybrat yang Tewaskan 4 TNI Ditangkap, 14 Masih Buron",https://news.detik.com/berita/d-5747253/5-anggota-knpb-maybrat-yang-tewaskan-4-tni-ditangkap-14-masih-buron
2021-09-30_de_08_7,2021-09-30,Detik,Pahit Getir Dalang Ki Sayoko Langganan Dibui Orba: Ayah Saya Tewas Dimassa,https://news.detik.com/berita-jawa-tengah/d-5747252/pahit-getir-dalang-ki-sayoko-langganan-dibui-orba-ayah-saya-tewas-dimassa
2021-09-30_de_08_8,2021-09-30,Detik,Balita Tak Terurus Berhari-hari Ditemukan Dekat Jasad Nenek di Kelapa Gading,https://news.detik.com/berita/d-5747243/balita-tak-terurus-berhari-hari-ditemukan-dekat-jasad-nenek-di-kelapa-gading
2021-09-30_de_08_9,2021-09-30,Detik,MPR Akan Gelar Kongres Kebangsaan untuk Peringati Sumpah Pemuda,https://news.detik.com/berita/d-5747241/mpr-akan-gelar-kongres-kebangsaan-untuk-peringati-sumpah-pemuda
2021-09-30_de_8_10,2021-09-30,Detik,Kronologi Pejabat Dinsos Lebak Tilap Duit Bantuan Kebakaran Rp 341 Juta,https://news.detik.com/berita-jawa-barat/d-5747231/kronologi-pejabat-dinsos-lebak-tilap-duit-bantuan-kebakaran-rp-341-juta
2021-09-30_de_8_11,2021-09-30,Detik,China Salurkan Utang dan Hibah Rp 12 Kuadriliun ke 165 Negara,https://news.detik.com/bbc-world/d-5747230/china-salurkan-utang-dan-hibah-rp-12-kuadriliun-ke-165-negara
2021-09-30_de_8_12,2021-09-30,Detik,"Satu Pasien Terakhir Boleh Pulang, RSLI Surabaya Kini Zero Case COVID-19",https://news.detik.com/berita-jawa-timur/d-5747228/satu-pasien-terakhir-boleh-pulang-rsli-surabaya-kini-zero-case-covid-19
2021-09-30_de_8_13,2021-09-30,Detik,"Menlu Israel Lakukan Kunjungan Bersejarah ke Bahrain, Resmikan Kedutaan Baru",https://news.detik.com/internasional/d-5747222/menlu-israel-lakukan-kunjungan-bersejarah-ke-bahrain-resmikan-kedutaan-baru
2021-09-30_de_8_14,2021-09-30,Detik,PD Puji Jokowi Tolak Pengesahan KLB Moeldoko: Komitmen Jaga Demokrasi,https://news.detik.com/berita/d-5747221/pd-puji-jokowi-tolak-pengesahan-klb-moeldoko-komitmen-jaga-demokrasi
2021-09-30_de_8_15,2021-09-30,Detik,PKB Dukung Khofifah Sahkan P-APBD Jatim 2021,https://news.detik.com/berita-jawa-timur/d-5747355/pkb-dukung-khofifah-sahkan-p-apbd-jatim-2021
2021-09-30_de_8_16,2021-09-30,Detik,Gerindra Bela Anies: Angan-angan PDIP Formula E Batal Tak Akan Kesampaian!,https://news.detik.com/berita/d-5747218/gerindra-bela-anies-angan-angan-pdip-formula-e-batal-tak-akan-kesampaian
2021-09-30_de_8_17,2021-09-30,Detik,"ATM dalam Minimarket di Karawang Dibobol Maling, Duit Rp 800 Juta Raib",https://news.detik.com/berita-jawa-barat/d-5747215/atm-dalam-minimarket-di-karawang-dibobol-maling-duit-rp-800-juta-raib
2021-09-30_de_8_18,2021-09-30,Detik,Momen Polisi Bubarkan Demo Aktivis Papua di Kedubes AS,https://news.detik.com/detiktv/d-5747211/momen-polisi-bubarkan-demo-aktivis-papua-di-kedubes-as
2021-09-30_de_8_19,2021-09-30,Detik,5 Polisi Terluka Saat Amankan Demo Aktivis Papua di Kedubes AS,https://news.detik.com/berita/d-5747203/5-polisi-terluka-saat-amankan-demo-aktivis-papua-di-kedubes-as
2021-09-30_de_09_0,2021-09-30,Detik,Cerita Keji PKI Bunuh dan Buang Jenazah 62 Pemuda Ansor ke Dalam 3 Sumur,https://news.detik.com/berita-jawa-timur/d-5747200/cerita-keji-pki-bunuh-dan-buang-jenazah-62-pemuda-ansor-ke-dalam-3-sumur
2021-09-30_de_09_1,2021-09-30,Detik,"Gatot Nurmantyo: Ironis! Patung Sukarno di Mana-mana, Soeharto Musnah",https://news.detik.com/berita/d-5747199/gatot-nurmantyo-ironis-patung-sukarno-di-mana-mana-soeharto-musnah
2021-09-30_de_09_2,2021-09-30,Detik,Terungkap Penyelundupan dari Penggerebekan Mobil Goyang di Palembang,https://news.detik.com/berita/d-5747198/terungkap-penyelundupan-dari-penggerebekan-mobil-goyang-di-palembang
2021-09-30_de_09_3,2021-09-30,Detik,"Atlet Difabel Merasa Tak Diperhatikan, Pemkab Asahan Curhat Kekurangan Dana",https://news.detik.com/berita/d-5747195/atlet-difabel-merasa-tak-diperhatikan-pemkab-asahan-curhat-kekurangan-dana
2021-09-30_de_09_4,2021-09-30,Detik,Kondisi Terkini Puluhan Siswa SMP di Purbalingga yang Kena Corona,https://news.detik.com/berita-jawa-tengah/d-5747194/kondisi-terkini-puluhan-siswa-smp-di-purbalingga-yang-kena-corona
2021-09-30_de_09_5,2021-09-30,Detik,Sah! Revisi UU ITE-RUU KUHP Masuk Prolegnas Prioritas 2021,https://news.detik.com/berita/d-5747192/sah-revisi-uu-ite-ruu-kuhp-masuk-prolegnas-prioritas-2021
2021-09-30_de_09_6,2021-09-30,Detik,Oknum Pejabat Dinsos Lebak Tilap Dana Korban Kebakaran Rp 341 Juta,https://news.detik.com/berita-jawa-barat/d-5747188/oknum-pejabat-dinsos-lebak-tilap-dana-korban-kebakaran-rp-341-juta
2021-09-30_de_09_7,2021-09-30,Detik,Momen Novel Baswedan Gandeng Istri Tinggalkan Gedung KPK,https://news.detik.com/foto-news/d-5747138/momen-novel-baswedan-gandeng-istri-tinggalkan-gedung-kpk
2021-09-30_de_09_8,2021-09-30,Detik,"Viral Pengendara Bawa Sepeda dalam Mobil Ditilang, Polisi Dipastikan Salah",https://news.detik.com/berita/d-5747185/viral-pengendara-bawa-sepeda-dalam-mobil-ditilang-polisi-dipastikan-salah
2021-09-30_de_09_9,2021-09-30,Detik,"AH Nasution, Profil Lengkap Sang Jenderal dan Daftar Penghargaan",https://news.detik.com/berita/d-5747184/ah-nasution-profil-lengkap-sang-jenderal-dan-daftar-penghargaan
2021-09-30_de_9_10,2021-09-30,Detik,Mendukung Penggerakan UMKM Melalui Program 9 Womenpreneur Berkarya,https://news.detik.com/berita/d-5747125/mendukung-penggerakan-umkm-melalui-program-9-womenpreneur-berkarya
2021-09-30_de_9_11,2021-09-30,Detik,"Gaduh Isu PKI Setiap 30 September, Wakil Ketua DPR: Penyakit Tahunan",https://news.detik.com/detiktv/d-5747181/gaduh-isu-pki-setiap-30-september-wakil-ketua-dpr-penyakit-tahunan
2021-09-30_de_9_12,2021-09-30,Detik,"Gatot Sebut TNI Disusupi PKI, Pimpinan DPR Minta Pembuktian",https://news.detik.com/detiktv/d-5747173/gatot-sebut-tni-disusupi-pki-pimpinan-dpr-minta-pembuktian
2021-09-30_de_9_13,2021-09-30,Detik,Ditemukannya Situs Kumitir Memunculkan Pertanyaan di Mana Istana Hayam Wuruk,https://news.detik.com/berita-jawa-timur/d-5747148/ditemukannya-situs-kumitir-memunculkan-pertanyaan-di-mana-istana-hayam-wuruk
2021-09-30_de_9_14,2021-09-30,Detik,"Viral Aksi Balap Liar-Bikin Macet di Karawang, Polisi Turun Tangan",https://news.detik.com/berita-jawa-barat/d-5747149/viral-aksi-balap-liar-bikin-macet-di-karawang-polisi-turun-tangan
2021-09-30_de_9_15,2021-09-30,Detik,"Jadi Istri Kedua, ASN Wanita di Padang Dipecat",https://news.detik.com/berita/d-5747146/jadi-istri-kedua-asn-wanita-di-padang-dipecat
2021-09-30_de_9_16,2021-09-30,Detik,"Menantu Penjarakan Mertua di Bandung, Keluarga Ajukan Penangguhan",https://news.detik.com/berita-jawa-barat/d-5747136/menantu-penjarakan-mertua-di-bandung-keluarga-ajukan-penangguhan
2021-09-30_de_9_17,2021-09-30,Detik,"Ungkap Cerita Jokowi Tolak Demokrat Kubu Moeldoko, Apa Tujuan Mahfud Md?",https://news.detik.com/berita/d-5747134/ungkap-cerita-jokowi-tolak-demokrat-kubu-moeldoko-apa-tujuan-mahfud-md
2021-09-30_de_9_18,2021-09-30,Detik,"Monumen Lubang Buaya Banyuwangi, Saksi Bisu Kekejaman PKI Bunuh 62 Pemuda Ansor",https://news.detik.com/berita-jawa-timur/d-5747133/monumen-lubang-buaya-banyuwangi-saksi-bisu-kekejaman-pki-bunuh-62-pemuda-ansor
2021-09-30_de_9_19,2021-09-30,Detik,"Tinjau 3 Venue PON Papua, Kapolri Pastikan Prokes dan Pengamanan",https://news.detik.com/berita/d-5747132/tinjau-3-venue-pon-papua-kapolri-pastikan-prokes-dan-pengamanan
2021-09-30_de_10_0,2021-09-30,Detik,"Dokter dan Keluarganya Dibunuh di Afghanistan, Taliban Menyelidiki",https://news.detik.com/internasional/d-5747131/dokter-dan-keluarganya-dibunuh-di-afghanistan-taliban-menyelidiki
2021-09-30_de_10_1,2021-09-30,Detik,"Sudah Vaksin tapi Sertifikat Tidak Muncul, Sudah Coba Cara Ini?",https://news.detik.com/berita/d-5747130/sudah-vaksin-tapi-sertifikat-tidak-muncul-sudah-coba-cara-ini
2021-09-30_de_10_2,2021-09-30,Detik,Guru Besar Tata Negara: Ide Kapolri soal Eks Pegawai KPK Sah Secara Aturan,https://news.detik.com/berita/d-5747266/guru-besar-tata-negara-ide-kapolri-soal-eks-pegawai-kpk-sah-secara-aturan
2021-09-30_de_10_3,2021-09-30,Detik,Masuk Kantor Pemerintahan Kota Mojokerto Wajib Pakai PeduliLindungi,https://news.detik.com/berita/d-5747124/masuk-kantor-pemerintahan-kota-mojokerto-wajib-pakai-pedulilindungi
2021-09-30_de_10_4,2021-09-30,Detik,Sekuriti Kompleks Tepergok Hendak Perkosa Wanita di Bogor,https://news.detik.com/berita-jawa-barat/d-5747122/sekuriti-kompleks-tepergok-hendak-perkosa-wanita-di-bogor
2021-09-30_de_10_5,2021-09-30,Detik,Novel Baswedan dkk Resmi Dipecat KPK,https://news.detik.com/foto-news/d-5747109/novel-baswedan-dkk-resmi-dipecat-kpk
2021-09-30_de_10_6,2021-09-30,Detik,"Mengaku Anggota Militer, 2 WNA Dideportasi dari Bali ke Afrika",https://news.detik.com/berita/d-5747107/mengaku-anggota-militer-2-wna-dideportasi-dari-bali-ke-afrika
2021-09-30_de_10_7,2021-09-30,Detik,"Galian SJUT di Jl Kapten Tendean Jaksel Belum 100%, Ini Kondisinya",https://news.detik.com/berita/d-5747106/galian-sjut-di-jl-kapten-tendean-jaksel-belum-100-ini-kondisinya
2021-09-30_de_10_8,2021-09-30,Detik,"Lansia 63 Tahun Dirampok di Jakut, Korban Sempat Disekap di Mobil",https://news.detik.com/berita/d-5747105/lansia-63-tahun-dirampok-di-jakut-korban-sempat-disekap-di-mobil
2021-09-30_de_10_9,2021-09-30,Detik,"Arahan Jokowi Tak Sahkan KLB Demokrat, Kubu Moeldoko: SBY-AHY Tebar Fitnah",https://news.detik.com/berita/d-5747104/arahan-jokowi-tak-sahkan-klb-demokrat-kubu-moeldoko-sby-ahy-tebar-fitnah
2021-09-30_de_10_10,2021-09-30,Detik,Kim Jong-Un Ingin Pulihkan Hotline Darurat dengan Korea Selatan,https://news.detik.com/dw/d-5747097/kim-jong-un-ingin-pulihkan-hotline-darurat-dengan-korea-selatan
2021-09-30_de_10_11,2021-09-30,Detik,Penjelasan Pengelola Kafe di Kota Malang Soal Viral Dugem Saat PPKM,https://news.detik.com/berita-jawa-timur/d-5747084/penjelasan-pengelola-kafe-di-kota-malang-soal-viral-dugem-saat-ppkm
2021-09-30_de_10_12,2021-09-30,Detik,Novel Baswedan dkk Bikin IM57+ Institute Usai Dipecat KPK,https://news.detik.com/berita/d-5747088/novel-baswedan-dkk-bikin-im57-institute-usai-dipecat-kpk
2021-09-30_de_10_13,2021-09-30,Detik,"Polisi Bubarkan Demo di Kedubes AS, 17 Aktivis Papua Diamankan",https://news.detik.com/berita/d-5747080/polisi-bubarkan-demo-di-kedubes-as-17-aktivis-papua-diamankan
2021-09-30_de_10_14,2021-09-30,Detik,Arkeolog Temukan Gerbang dan Benteng Istana Paman Hayam Wuruk,https://news.detik.com/berita-jawa-timur/d-5747078/arkeolog-temukan-gerbang-dan-benteng-istana-paman-hayam-wuruk
2021-09-30_de_10_15,2021-09-30,Detik,"Resmi Jadi Pimpinan DPR, Lodewijk Minta Gatot Buktikan TNI Disusupi Komunis",https://news.detik.com/berita/d-5747069/resmi-jadi-pimpinan-dpr-lodewijk-minta-gatot-buktikan-tni-disusupi-komunis
2021-09-30_de_10_16,2021-09-30,Detik,"Angka Kemiskinan Ekstrem di Cianjur Tinggi, Bupati: Faktor IPM Rendah!",https://news.detik.com/berita-jawa-barat/d-5747064/angka-kemiskinan-ekstrem-di-cianjur-tinggi-bupati-faktor-ipm-rendah
2021-09-30_de_10_17,2021-09-30,Detik,Tentara Israel Tembak Mati Militan Jihad Islam di Tepi Barat,https://news.detik.com/internasional/d-5747063/tentara-israel-tembak-mati-militan-jihad-islam-di-tepi-barat
2021-09-30_de_10_18,2021-09-30,Detik,Menantu Penjarakan Mertua di Bandung dengan Tuduhan Penganiayaan,https://news.detik.com/berita-jawa-barat/d-5747062/menantu-penjarakan-mertua-di-bandung-dengan-tuduhan-penganiayaan
2021-09-30_de_10_19,2021-09-30,Detik,"Mobil Goyang di Jalanan Palembang Digerebek Polisi, Ini Isinya",https://news.detik.com/berita/d-5747060/mobil-goyang-di-jalanan-palembang-digerebek-polisi-ini-isinya
2021-09-30_de_11_0,2021-09-30,Detik,"Istri Teroris Ali Kalora Dihukum 2,5 Tahun Penjara",https://news.detik.com/berita/d-5747059/istri-teroris-ali-kalora-dihukum-25-tahun-penjara
2021-09-30_de_11_1,2021-09-30,Detik,Jumlah Sekolah Gelar PTM di Jabar Bertambah pada Awal Oktober,https://news.detik.com/berita-jawa-barat/d-5747057/jumlah-sekolah-gelar-ptm-di-jabar-bertambah-pada-awal-oktober
2021-09-30_de_11_2,2021-09-30,Detik,"Kapolri Rekrut Pegawai KPK yang Gagal TWK, Pukat UGM Beri Catatan Ini",https://news.detik.com/berita-jawa-tengah/d-5747055/kapolri-rekrut-pegawai-kpk-yang-gagal-twk-pukat-ugm-beri-catatan-ini
2021-09-30_de_11_3,2021-09-30,Detik,"Tak Langsung Potong Kabel Tiang-tiang Mampang, DKI Beri Tenggat Waktu",https://news.detik.com/berita/d-5747054/tak-langsung-potong-kabel-tiang-tiang-mampang-dki-beri-tenggat-waktu
2021-09-30_de_11_4,2021-09-30,Detik,Pemkot Jaksel Keruk Kali Krukut Antisipasi Banjir di Kemang,https://news.detik.com/berita/d-5747053/pemkot-jaksel-keruk-kali-krukut-antisipasi-banjir-di-kemang
2021-09-30_de_11_5,2021-09-30,Detik,Polres Tangsel Usut Dugaan Eksploitasi Anak di Kasus Bayi Manusia Silver,https://news.detik.com/berita/d-5747052/polres-tangsel-usut-dugaan-eksploitasi-anak-di-kasus-bayi-manusia-silver
2021-09-30_de_11_6,2021-09-30,Detik,Mengenang Sepak Terjang Novel Baswedan dkk yang Resmi Dipecat KPK,https://news.detik.com/berita/d-5747045/mengenang-sepak-terjang-novel-baswedan-dkk-yang-resmi-dipecat-kpk
2021-09-30_de_11_7,2021-09-30,Detik,Mitra Kerja Komisi VII DPR Bertambah: BRIN-BIG-Bapeten,https://news.detik.com/berita/d-5747044/mitra-kerja-komisi-vii-dpr-bertambah-brin-big-bapeten
2021-09-30_de_11_8,2021-09-30,Detik,Eks Pimpinan KPK Turun Gunung Sambut Novel Baswedan dkk yang Baru Dipecat,https://news.detik.com/berita/d-5747043/eks-pimpinan-kpk-turun-gunung-sambut-novel-baswedan-dkk-yang-baru-dipecat
2021-09-30_de_11_9,2021-09-30,Detik,"Tingkat Kemiskinan Ekstrem di Kuningan Tinggi, Ini Respons Bupati Acep",https://news.detik.com/berita-jawa-barat/d-5747041/tingkat-kemiskinan-ekstrem-di-kuningan-tinggi-ini-respons-bupati-acep
2021-09-30_de_11_10,2021-09-30,Detik,Eks Pegawai Bank BUMN di Bali Korupsi Rp 1 M Divonis 5 Tahun Penjara,https://news.detik.com/berita/d-5747040/eks-pegawai-bank-bumn-di-bali-korupsi-rp-1-m-divonis-5-tahun-penjara
2021-09-30_de_11_11,2021-09-30,Detik,NU Surabaya Keluarkan Fatwa Haram Game Higgs Domino Island,https://news.detik.com/berita-jawa-timur/d-5747038/nu-surabaya-keluarkan-fatwa-haram-game-higgs-domino-island
2021-09-30_de_11_12,2021-09-30,Detik,25 Murid SMP di Tangerang yang Ikut Sekolah Tatap Muka Positif COVID-19,https://news.detik.com/berita/d-5747037/25-murid-smp-di-tangerang-yang-ikut-sekolah-tatap-muka-positif-covid-19
2021-09-30_de_11_13,2021-09-30,Detik,Satu Bocah Sukabumi Ikut KM Hentri yang Terbakar di Maluku,https://news.detik.com/berita-jawa-barat/d-5747036/satu-bocah-sukabumi-ikut-km-hentri-yang-terbakar-di-maluku
2021-09-30_de_11_14,2021-09-30,Detik,YouTube Hapus Channel Media Rusia 'RT' karena Misinformasi COVID-19,https://news.detik.com/dw/d-5747035/youtube-hapus-channel-media-rusia-rt-karena-misinformasi-covid-19
2021-09-30_de_11_15,2021-09-30,Detik,"COVID-19 Menurun, Prokes Jangan Kendor",https://news.detik.com/foto-news/d-5747023/covid-19-menurun-prokes-jangan-kendor
2021-09-30_de_11_16,2021-09-30,Detik,"Kenang 30 September 1965, MUI Kota Bandung Ajak Masyarakat Doa Bersama",https://news.detik.com/berita/d-5747022/kenang-30-september-1965-mui-kota-bandung-ajak-masyarakat-doa-bersama
2021-09-30_de_11_17,2021-09-30,Detik,Baleg DPR Agendakan Kunker ke Brasil-Ekuador Terkait RUU PKS,https://news.detik.com/berita/d-5747021/baleg-dpr-agendakan-kunker-ke-brasil-ekuador-terkait-ruu-pks
2021-09-30_de_11_18,2021-09-30,Detik,Detik-detik Pria Kepri Habisi Bos Bareng Pembunuh Bayaran,https://news.detik.com/berita/d-5747011/detik-detik-pria-kepri-habisi-bos-bareng-pembunuh-bayaran
2021-09-30_de_11_19,2021-09-30,Detik,Ombudsman Periksa Kakanwil Kemenkumham soal Penganiayaan Napi di Sumut,https://news.detik.com/berita/d-5747009/ombudsman-periksa-kakanwil-kemenkumham-soal-penganiayaan-napi-di-sumut
2021-09-30_de_12_0,2021-09-30,Detik,Herannya Haris Azhar Dituduh Minta Saham Freeport ke Luhut,https://news.detik.com/berita/d-5747006/herannya-haris-azhar-dituduh-minta-saham-freeport-ke-luhut
2021-09-30_de_12_1,2021-09-30,Detik,"Sempat Diundur, Pemprov DKI Gelar PTM di 1.509 Sekolah Besok",https://news.detik.com/berita/d-5747005/sempat-diundur-pemprov-dki-gelar-ptm-di-1509-sekolah-besok
2021-09-30_de_12_2,2021-09-30,Detik,Twibbon Hari Kesaktian Pancasila untuk Dipasang Jelang 1 Oktober 2021,https://news.detik.com/berita/d-5747004/twibbon-hari-kesaktian-pancasila-untuk-dipasang-jelang-1-oktober-2021
2021-09-30_de_12_3,2021-09-30,Detik,"Heboh Rizky Billar-Lesti, MUI Jelaskan soal Hukum Nikah Siri",https://news.detik.com/berita/d-5747003/heboh-rizky-billar-lesti-mui-jelaskan-soal-hukum-nikah-siri
2021-09-30_de_12_4,2021-09-30,Detik,"Diwacanakan Jokowi, Apa Kabar Remake Film G30S/PKI?",https://news.detik.com/berita/d-5746984/diwacanakan-jokowi-apa-kabar-remake-film-g30spki
2021-09-30_de_12_5,2021-09-30,Detik,Jaksa Kembalikan Berkas 13 Tersangka Korupsi RS Batua Makassar ke Polisi,https://news.detik.com/berita/d-5746983/jaksa-kembalikan-berkas-13-tersangka-korupsi-rs-batua-makassar-ke-polisi
2021-09-30_de_12_6,2021-09-30,Detik,"Tol Kediri-Tulungagung Segera Dibangun, Pemkot Gelar Studi Amdal",https://news.detik.com/berita-jawa-timur/d-5746981/tol-kediri-tulungagung-segera-dibangun-pemkot-gelar-studi-amdal
2021-09-30_de_12_7,2021-09-30,Detik,"Soal Ayah dari Bayi Siswi SMP di Madiun, Polisi Tunggu Hasil Tes DNA",https://news.detik.com/berita-jawa-timur/d-5746978/soal-ayah-dari-bayi-siswi-smp-di-madiun-polisi-tunggu-hasil-tes-dna
2021-09-30_de_12_8,2021-09-30,Detik,Terungkap Penyebab Ada Warga Percaya Isu Kebangkitan PKI,https://news.detik.com/berita/d-5746976/terungkap-penyebab-ada-warga-percaya-isu-kebangkitan-pki
2021-09-30_de_12_9,2021-09-30,Detik,Taliban Lepas Tembakan Saat Bubarkan Demonstran Wanita di Kabul,https://news.detik.com/internasional/d-5746973/taliban-lepas-tembakan-saat-bubarkan-demonstran-wanita-di-kabul
2021-09-30_de_12_10,2021-09-30,Detik,Polisi Periksa 11 Saksi soal Dugaan Penganiayaan Anak Ahok ke Ayu Thalia,https://news.detik.com/berita/d-5746969/polisi-periksa-11-saksi-soal-dugaan-penganiayaan-anak-ahok-ke-ayu-thalia
2021-09-30_de_12_11,2021-09-30,Detik,"Terekam CCTV, Tabrakan Pemotor vs Mobil Angkot di Tasikmalaya!",https://news.detik.com/detiktv/d-5746967/terekam-cctv-tabrakan-pemotor-vs-mobil-angkot-di-tasikmalaya
2021-09-30_de_12_12,2021-09-30,Detik,"Kejati NTT Pamer Selamatkan Rp 17,3 Miliar dari Kasus Korupsi",https://news.detik.com/berita/d-5746966/kejati-ntt-pamer-selamatkan-rp-173-miliar-dari-kasus-korupsi
2021-09-30_de_12_13,2021-09-30,Detik,SMAN 4 Manado Jawab Tudingan Pungli ke Siswa Modus Sumbangan Sekolah,https://news.detik.com/berita/d-5746950/sman-4-manado-jawab-tudingan-pungli-ke-siswa-modus-sumbangan-sekolah
2021-09-30_de_12_14,2021-09-30,Detik,"Eks Pangkostrad Merasa Berdosa Bikin Patung Soeharto dkk, Ini Pandangan NU",https://news.detik.com/berita/d-5746944/eks-pangkostrad-merasa-berdosa-bikin-patung-soeharto-dkk-ini-pandangan-nu
2021-09-30_de_12_15,2021-09-30,Detik,Melihat Semangat Siswa SMP Ciamis Lestarikan Batik,https://news.detik.com/berita-jawa-barat/d-5746942/melihat-semangat-siswa-smp-ciamis-lestarikan-batik
2021-09-30_de_12_16,2021-09-30,Detik,"Sepenggal Cerita Pasca G 30 S di Cianjur, Eks PKI Ditangkap-Kerja Paksa",https://news.detik.com/berita-jawa-barat/d-5746935/sepenggal-cerita-pasca-g-30-s-di-cianjur-eks-pki-ditangkap-kerja-paksa
2021-09-30_de_12_17,2021-09-30,Detik,Ma'ruf Amin Sebut Ada Tantangan Tersendiri Tangani Kemiskinan Ekstrem di Jatim,https://news.detik.com/berita-jawa-timur/d-5746931/maruf-amin-sebut-ada-tantangan-tersendiri-tangani-kemiskinan-ekstrem-di-jatim
2021-09-30_de_12_18,2021-09-30,Detik,"Datangi BPN, Pihak Rocky Gerung Tagih Audiensi dengan Sentul City",https://news.detik.com/berita/d-5746930/datangi-bpn-pihak-rocky-gerung-tagih-audiensi-dengan-sentul-city
2021-09-30_de_12_19,2021-09-30,Detik,Mahfud Sebut HRS Sempat Dirangkul Pemerintah Tapi Menolak!,https://news.detik.com/detiktv/d-5746929/mahfud-sebut-hrs-sempat-dirangkul-pemerintah-tapi-menolak
2021-09-30_de_13_0,2021-09-30,Detik,"Tabrakan Beruntun di Tol Ancol Barat, 6 Mobil Ringsek",https://news.detik.com/berita/d-5746925/tabrakan-beruntun-di-tol-ancol-barat-6-mobil-ringsek
2021-09-30_de_13_1,2021-09-30,Detik,Ini Dia Jawara IoT Creation 2021,https://news.detik.com/foto-news/d-5747372/ini-dia-jawara-iot-creation-2021
2021-09-30_de_13_2,2021-09-30,Detik,"Gantikan Azis Syamsuddin, Lodewijk F Paulus Dilantik Jadi Waka DPR",https://news.detik.com/foto-news/d-5746916/gantikan-azis-syamsuddin-lodewijk-f-paulus-dilantik-jadi-waka-dpr
2021-09-30_de_13_3,2021-09-30,Detik,Napi Lapas Jember Dipindah ke Nusakambangan Gegara Sering Bikin Onar,https://news.detik.com/berita-jawa-timur/d-5746910/napi-lapas-jember-dipindah-ke-nusakambangan-gegara-sering-bikin-onar
2021-09-30_de_13_4,2021-09-30,Detik,Bisakah PD Kubu AHY Ikut Bertarung Pertahankan AD/ART-nya di MA?,https://news.detik.com/berita/d-5746909/bisakah-pd-kubu-ahy-ikut-bertarung-pertahankan-adart-nya-di-ma
2021-09-30_de_13_5,2021-09-30,Detik,"Kantong Sampah di Jakbar Bikin Heboh, Ternyata Berisi Bangkai Anjing",https://news.detik.com/berita/d-5746903/kantong-sampah-di-jakbar-bikin-heboh-ternyata-berisi-bangkai-anjing
2021-09-30_de_13_6,2021-09-30,Detik,Ratusan Santri Probolinggo Gelar Aksi Damai Dukung KPK Usut Kasus Korupsi,https://news.detik.com/berita-jawa-timur/d-5746900/ratusan-santri-probolinggo-gelar-aksi-damai-dukung-kpk-usut-kasus-korupsi
2021-09-30_de_13_7,2021-09-30,Detik,Sosok Moeldoko Sang Teman Tak Bikin Jokowi Berpihak,https://news.detik.com/berita/d-5746899/sosok-moeldoko-sang-teman-tak-bikin-jokowi-berpihak
2021-09-30_de_13_8,2021-09-30,Detik,Gatot Perlu Diklarifikasi untuk Buktikan Tuduhan Kebangkitan PKI,https://news.detik.com/berita/d-5746897/gatot-perlu-diklarifikasi-untuk-buktikan-tuduhan-kebangkitan-pki
2021-09-30_de_13_9,2021-09-30,Detik,"Propam: Karutan Polri Bukan Tersangka, tapi Terduga Pelanggar",https://news.detik.com/berita/d-5746894/propam-karutan-polri-bukan-tersangka-tapi-terduga-pelanggar
2021-09-30_de_13_10,2021-09-30,Detik,Vaksin Moderna adalah untuk Siapa Saja? Simak Serba-serbinya,https://news.detik.com/berita/d-5746893/vaksin-moderna-adalah-untuk-siapa-saja-simak-serba-serbinya
2021-09-30_de_13_11,2021-09-30,Detik,"Soal Polemik Ijazah Jaksa Agung, Waket DPD: Ada Pihak Merasa Terganggu",https://news.detik.com/berita/d-5746892/soal-polemik-ijazah-jaksa-agung-waket-dpd-ada-pihak-merasa-terganggu
2021-09-30_de_13_12,2021-09-30,Detik,"Letakkan Kartu Identitas KPK, Novel Baswedan dkk Resmi Dipecat",https://news.detik.com/berita/d-5746891/letakkan-kartu-identitas-kpk-novel-baswedan-dkk-resmi-dipecat
2021-09-30_de_13_13,2021-09-30,Detik,"Warga Ngeluh Jalan Rusak Akibat Proyek IPAL, Walkot Pekanbaru Minta Maaf",https://news.detik.com/berita/d-5746878/warga-ngeluh-jalan-rusak-akibat-proyek-ipal-walkot-pekanbaru-minta-maaf
2021-09-30_de_13_14,2021-09-30,Detik,Wagub DKI Bantah Ada Lobi Politik agar Interpelasi Formula E Batal,https://news.detik.com/berita/d-5746877/wagub-dki-bantah-ada-lobi-politik-agar-interpelasi-formula-e-batal
2021-09-30_de_13_15,2021-09-30,Detik,"Bikin dan Jual Sertifikat Vaksin Palsu, Mahasiswa Karawang Ditangkap",https://news.detik.com/berita-jawa-barat/d-5746855/bikin-dan-jual-sertifikat-vaksin-palsu-mahasiswa-karawang-ditangkap
2021-09-30_de_13_16,2021-09-30,Detik,"Kembali Turun, BOR Isolasi RS COVID-19 di DKI Jakarta Kini 8%, ICU 19%",https://news.detik.com/berita/d-5746853/kembali-turun-bor-isolasi-rs-covid-19-di-dki-jakarta-kini-8-icu-19
2021-09-30_de_13_17,2021-09-30,Detik,Terungkap! Oknum DPRD Maros Diduga Perkosa Wanita Bayar Uang Damai Rp 80 Juta,https://news.detik.com/berita/d-5746852/terungkap-oknum-dprd-maros-diduga-perkosa-wanita-bayar-uang-damai-rp-80-juta
2021-09-30_de_13_18,2021-09-30,Detik,Selandia Baru Perketat UU Teror Usai Serangan Terkait ISIS,https://news.detik.com/internasional/d-5746851/selandia-baru-perketat-uu-teror-usai-serangan-terkait-isis
2021-09-30_de_13_19,2021-09-30,Detik,Wapres Minta Khofifah dan 5 Bupati di Jatim Tancap Gas Atasi Kemiskinan Ekstrem,https://news.detik.com/berita-jawa-timur/d-5746850/wapres-minta-khofifah-dan-5-bupati-di-jatim-tancap-gas-atasi-kemiskinan-ekstrem
2021-09-30_de_14_0,2021-09-30,Detik,Titik Rawan Dana Abadi Pesantren,https://news.detik.com/kolom/d-5746835/titik-rawan-dana-abadi-pesantren
2021-09-30_de_14_1,2021-09-30,Detik,Kapolda Jabar Sebut Pembunuh Ibu-Anak di Subang Segera Terungkap,https://news.detik.com/berita-jawa-barat/d-5746848/kapolda-jabar-sebut-pembunuh-ibu-anak-di-subang-segera-terungkap
2021-09-30_de_14_2,2021-09-30,Detik,Penjelasan Mahfud soal Sikap Jokowi Tanggapi Manuver Moeldoko di PD,https://news.detik.com/detiktv/d-5746846/penjelasan-mahfud-soal-sikap-jokowi-tanggapi-manuver-moeldoko-di-pd
2021-09-30_de_14_3,2021-09-30,Detik,"2 Pejabat Terjerat Korupsi, Wabup Indramayu: Harus Jadi Pelajaran!",https://news.detik.com/berita-jawa-barat/d-5746845/2-pejabat-terjerat-korupsi-wabup-indramayu-harus-jadi-pelajaran
2021-09-30_de_14_4,2021-09-30,Detik,Mengenang Interupsi Fenomenal Sabam Sirait di Sidang Umum MPR Era Orba,https://news.detik.com/berita/d-5746844/mengenang-interupsi-fenomenal-sabam-sirait-di-sidang-umum-mpr-era-orba
2021-09-30_de_14_5,2021-09-30,Detik,"Merti Desa, Ritual Warga Boyolali Memohon Keselamatan",https://news.detik.com/detiktv/d-5746911/merti-desa-ritual-warga-boyolali-memohon-keselamatan
2021-09-30_de_14_6,2021-09-30,Detik,Kapolda Metro Tinjau Vaksinasi Merdeka di Wilayah Aglomerasi Tangsel,https://news.detik.com/berita/d-5746836/kapolda-metro-tinjau-vaksinasi-merdeka-di-wilayah-aglomerasi-tangsel
2021-09-30_de_14_7,2021-09-30,Detik,Pakar Tata Negara: Eks Pegawai KPK Bisa Perkuat Polri Berantas Korupsi,https://news.detik.com/berita/d-5746965/pakar-tata-negara-eks-pegawai-kpk-bisa-perkuat-polri-berantas-korupsi
2021-09-30_de_14_8,2021-09-30,Detik,Pengelola Kafe yang Viral Dugem di Kota Malang Hanya Disanksi Tipiring,https://news.detik.com/berita-jawa-timur/d-5746826/pengelola-kafe-yang-viral-dugem-di-kota-malang-hanya-disanksi-tipiring
2021-09-30_de_14_9,2021-09-30,Detik,"Viral Kades di Banjarnegara Rusak-Cabuti Papan Reklame, Ini Alasannya",https://news.detik.com/berita-jawa-tengah/d-5746824/viral-kades-di-banjarnegara-rusak-cabuti-papan-reklame-ini-alasannya
2021-09-30_de_14_10,2021-09-30,Detik,"Diduga Aniaya Anggota, Kapolsek Percut Sei Tuan Dilaporkan ke Polda Sumut",https://news.detik.com/berita/d-5746822/diduga-aniaya-anggota-kapolsek-percut-sei-tuan-dilaporkan-ke-polda-sumut
2021-09-30_de_14_11,2021-09-30,Detik,Oknum DPRD Maros Dilaporkan Perkosa Wanita Bakal Diperiksa BKD-DPC PPP,https://news.detik.com/berita/d-5746818/oknum-dprd-maros-dilaporkan-perkosa-wanita-bakal-diperiksa-bkd-dpc-ppp
2021-09-30_de_14_12,2021-09-30,Detik,"DKI Klaim Formula E ke Depan Tak Lagi Pakai APBD, Gimana Pembiayaannya?",https://news.detik.com/berita/d-5746816/dki-klaim-formula-e-ke-depan-tak-lagi-pakai-apbd-gimana-pembiayaannya
2021-09-30_de_14_13,2021-09-30,Detik,"Bocah Pangandaran Meninggal Diduga Dicabuli, Satu Orang Diamankan",https://news.detik.com/berita-jawa-barat/d-5746815/bocah-pangandaran-meninggal-diduga-dicabuli-satu-orang-diamankan
2021-09-30_de_14_14,2021-09-30,Detik,"Geruduk Kedubes AS, Mahasiswa Papua Dibubarkan Polisi",https://news.detik.com/foto-news/d-5746782/geruduk-kedubes-as-mahasiswa-papua-dibubarkan-polisi
2021-09-30_de_14_15,2021-09-30,Detik,"Banjir Pasar Badak Disebut Tanggung Jawab Pemprov, Ini Respons PUPR Banten",https://news.detik.com/berita-jawa-barat/d-5746811/banjir-pasar-badak-disebut-tanggung-jawab-pemprov-ini-respons-pupr-banten
2021-09-30_de_14_16,2021-09-30,Detik,Kenapa Disebut Lubang Buaya? Ini Sejarah Saksi Bisu Tragedi G30S/PKI,https://news.detik.com/berita/d-5746809/kenapa-disebut-lubang-buaya-ini-sejarah-saksi-bisu-tragedi-g30spki
2021-09-30_de_14_17,2021-09-30,Detik,Atlet Difabel Asahan Curhat Minta Perhatian Bupati Jelang Ajang Internasional,https://news.detik.com/berita/d-5746808/atlet-difabel-asahan-curhat-minta-perhatian-bupati-jelang-ajang-internasional
2021-09-30_de_14_18,2021-09-30,Detik,MK Juga Putuskan ASABRI Tidak Lebur ke BPJS Ketenagakerjaan,https://news.detik.com/berita/d-5746805/mk-juga-putuskan-asabri-tidak-lebur-ke-bpjs-ketenagakerjaan
2021-09-30_de_14_19,2021-09-30,Detik,Ma'ruf Amin Targetkan Pengentasan Kemiskinan Ekstrem 0% Pada 2024,https://news.detik.com/berita-jawa-timur/d-5746804/maruf-amin-targetkan-pengentasan-kemiskinan-ekstrem-0-pada-2024
2021-09-30_de_15_0,2021-09-30,Detik,"Sabam Sirait Wafat Akibat Paru-paru Kronis, Dimakamkan Akhir Pekan",https://news.detik.com/detiktv/d-5746803/sabam-sirait-wafat-akibat-paru-paru-kronis-dimakamkan-akhir-pekan
2021-09-30_de_15_1,2021-09-30,Detik,Waket DPD Sebut RI Perlu Reorientasi Strategi Pembangunan Nasional,https://news.detik.com/berita/d-5746778/waket-dpd-sebut-ri-perlu-reorientasi-strategi-pembangunan-nasional
2021-09-30_de_15_2,2021-09-30,Detik,Pihak Sean Anak Ahok Ragukan Ayu Thalia Punya Bukti 'Heboh',https://news.detik.com/berita/d-5746776/pihak-sean-anak-ahok-ragukan-ayu-thalia-punya-bukti-heboh
2021-09-30_de_15_3,2021-09-30,Detik,"Gugatannya Disebut Tak Guna, Yusril: Pak Mahfud Politisi atau Negarawan?",https://news.detik.com/berita/d-5746781/gugatannya-disebut-tak-guna-yusril-pak-mahfud-politisi-atau-negarawan
2021-09-30_de_15_4,2021-09-30,Detik,Mahfud Klaim Kinerja KPK Era Firli Lebih Baik,https://news.detik.com/detiktv/d-5746771/mahfud-klaim-kinerja-kpk-era-firli-lebih-baik
2021-09-30_de_15_5,2021-09-30,Detik,"Ringkasan Film G30S/PKI Lengkap, Masih Jadi Kontroversi hingga Kini",https://news.detik.com/berita/d-5746770/ringkasan-film-g30spki-lengkap-masih-jadi-kontroversi-hingga-kini
2021-09-30_de_15_6,2021-09-30,Detik,Survei Median: 53% Responden Merasa Reshuffle Menteri Tak Akan Ubah Situasi,https://news.detik.com/berita/d-5746769/survei-median-53-responden-merasa-reshuffle-menteri-tak-akan-ubah-situasi
2021-09-30_de_15_7,2021-09-30,Detik,KPK Panggil Ketua DPRD Hulu Sungai Utara di Kasus Suap Pengadaan Barang-Jasa,https://news.detik.com/berita/d-5746768/kpk-panggil-ketua-dprd-hulu-sungai-utara-di-kasus-suap-pengadaan-barang-jasa
2021-09-30_de_15_8,2021-09-30,Detik,Steve Ewon Ungkap Penyebab Monyet 'Sambangi' Restoran di Lembang Cari Makan,https://news.detik.com/berita-jawa-barat/d-5746767/steve-ewon-ungkap-penyebab-monyet-sambangi-restoran-di-lembang-cari-makan
2021-09-30_de_15_9,2021-09-30,Detik,"Diperiksa soal Alex Noerdin, Eks Wagub Curhat Hanya Hadiri Wisuda-Undangan",https://news.detik.com/berita/d-5746765/diperiksa-soal-alex-noerdin-eks-wagub-curhat-hanya-hadiri-wisuda-undangan
2021-09-30_de_15_10,2021-09-30,Detik,Aksi Bakar Istri Diduga Bermula dari Suami Minta Hubungan Intim 5 Kali Sehari,https://news.detik.com/berita-jawa-timur/d-5746764/aksi-bakar-istri-diduga-bermula-dari-suami-minta-hubungan-intim-5-kali-sehari
2021-09-30_de_15_11,2021-09-30,Detik,Keluarga Korban KM Hentri yang Terbakar di Maluku Belum Terima Santunan,https://news.detik.com/berita-jawa-barat/d-5746763/keluarga-korban-km-hentri-yang-terbakar-di-maluku-belum-terima-santunan
2021-09-30_de_15_12,2021-09-30,Detik,Israel Tembak Mati Wanita yang Hendak Tikam Polisi di Yerusalem,https://news.detik.com/internasional/d-5746762/israel-tembak-mati-wanita-yang-hendak-tikam-polisi-di-yerusalem
2021-09-30_de_15_13,2021-09-30,Detik,"Tanah Longsor di Padang Pariaman, 7 Warga Tewas Tertimbun",https://news.detik.com/berita/d-5746761/tanah-longsor-di-padang-pariaman-7-warga-tewas-tertimbun
2021-09-30_de_15_14,2021-09-30,Detik,BNPB Bagikan Masker & Edukasi Prokes di Bandara Sentani Jelang PON XX,https://news.detik.com/berita/d-5746760/bnpb-bagikan-masker--edukasi-prokes-di-bandara-sentani-jelang-pon-xx
2021-09-30_de_15_15,2021-09-30,Detik,"Bukan Shelter Ojol, Di Stasiun Manggarai Adanya Ini untuk Ojek Online",https://news.detik.com/foto-news/d-5746753/bukan-shelter-ojol-di-stasiun-manggarai-adanya-ini-untuk-ojek-online
2021-09-30_de_15_16,2021-09-30,Detik,Apa Pemprov DKI Jadi Potong Kabel-kabel Mampang yang Tak Mau Masuk Tanah?,https://news.detik.com/berita/d-5746752/apa-pemprov-dki-jadi-potong-kabel-kabel-mampang-yang-tak-mau-masuk-tanah
2021-09-30_de_15_17,2021-09-30,Detik,"Remaja di Bali Ngaku Dianiaya-Disetrum Oknum Polisi, Keluarga Lapor Propam",https://news.detik.com/berita/d-5746751/remaja-di-bali-ngaku-dianiaya-disetrum-oknum-polisi-keluarga-lapor-propam
2021-09-30_de_15_18,2021-09-30,Detik,Mahfud Ungkap Ide Awal Perekrutan 57 Pegawai KPK Jadi ASN Polri,https://news.detik.com/detiktv/d-5746749/mahfud-ungkap-ide-awal-perekrutan-57-pegawai-kpk-jadi-asn-polri
2021-09-30_de_15_19,2021-09-30,Detik,Kemnaker Siapkan Standar Kompetensi Tenaga Kerja Bongkar Muat,https://news.detik.com/berita/d-5746746/kemnaker-siapkan-standar-kompetensi-tenaga-kerja-bongkar-muat
2021-09-30_de_16_0,2021-09-30,Detik,Wahana Permainan dan Olahraga Alun-alun Wates Dipasangi Police Line,https://news.detik.com/berita-jawa-tengah/d-5746745/wahana-permainan-dan-olahraga-alun-alun-wates-dipasangi-police-line
2021-09-30_de_16_1,2021-09-30,Detik,"Ada 4 Tersangka Kasus Korupsi RTH Indramayu, 2 Orang Belum Ditahan",https://news.detik.com/berita-jawa-barat/d-5746738/ada-4-tersangka-kasus-korupsi-rth-indramayu-2-orang-belum-ditahan
2021-09-30_de_16_2,2021-09-30,Detik,"Kisah Tiara, Jadi Guru Gratis untuk Anak-anak di Pelosok Kulon Progo",https://news.detik.com/detiktv/d-5746736/kisah-tiara-jadi-guru-gratis-untuk-anak-anak-di-pelosok-kulon-progo
2021-09-30_de_16_3,2021-09-30,Detik,"Tikam Kakak Ipar Puluhan Kali, Pria di NTB Terancam Hukuman Mati",https://news.detik.com/berita/d-5746735/tikam-kakak-ipar-puluhan-kali-pria-di-ntb-terancam-hukuman-mati
2021-09-30_de_16_4,2021-09-30,Detik,"3 ABG Diamankan Saat Open BO di Apartemen Jaktim, Muncikari Diciduk",https://news.detik.com/berita/d-5746733/3-abg-diamankan-saat-open-bo-di-apartemen-jaktim-muncikari-diciduk
2021-09-30_de_16_5,2021-09-30,Detik,"Survei Median: 46,4% Responden Percaya Isu Kebangkitan PKI",https://news.detik.com/berita/d-5746731/survei-median-464-responden-percaya-isu-kebangkitan-pki
2021-09-30_de_16_6,2021-09-30,Detik,"Kerap Bikin Macet, PKL di Pasar Pagi Asemka Dibubarkan Satpol PP",https://news.detik.com/berita/d-5746730/kerap-bikin-macet-pkl-di-pasar-pagi-asemka-dibubarkan-satpol-pp
2021-09-30_de_16_7,2021-09-30,Detik,"Sudah 3 Hari, Dealer di Makassar Masih Hitung Koin Pembeli Mobil Rp 271 Juta",https://news.detik.com/berita/d-5746729/sudah-3-hari-dealer-di-makassar-masih-hitung-koin-pembeli-mobil-rp-271-juta
2021-09-30_de_16_8,2021-09-30,Detik,Ini Salah Satu Alat Bukti Laporkan Lesti Kejora-Rizky Billar ke Polisi,https://news.detik.com/berita-jawa-timur/d-5746726/ini-salah-satu-alat-bukti-laporkan-lesti-kejora-rizky-billar-ke-polisi
2021-09-30_de_16_9,2021-09-30,Detik,"Warga Amuk Lokasi Vaksinasi, Pimpinan DPR Aceh Tunjuk Hidung Pemerintah",https://news.detik.com/berita/d-5746702/warga-amuk-lokasi-vaksinasi-pimpinan-dpr-aceh-tunjuk-hidung-pemerintah
2021-09-30_de_16_10,2021-09-30,Detik,Penampakan SPBU Inggris Tutup Berhari-hari Imbas Krisis BBM,https://news.detik.com/detiktv/d-5746701/penampakan-spbu-inggris-tutup-berhari-hari-imbas-krisis-bbm
2021-09-30_de_16_11,2021-09-30,Detik,'Hukuman' Pelanggar Lalu Lintas di Solo: Vaksin di Tempat!,https://news.detik.com/berita-jawa-tengah/d-5746700/hukuman-pelanggar-lalu-lintas-di-solo-vaksin-di-tempat
2021-09-30_de_16_12,2021-09-30,Detik,PDIP Kritik Anies Jelaskan Formula E Lewat Dokumen: Hindari Interpelasi?,https://news.detik.com/berita/d-5746698/pdip-kritik-anies-jelaskan-formula-e-lewat-dokumen-hindari-interpelasi
2021-09-30_de_16_13,2021-09-30,Detik,Ketua KPK: Hancurkan Korupsi Seperti Laten Komunis,https://news.detik.com/berita/d-5746696/ketua-kpk-hancurkan-korupsi-seperti-laten-komunis
2021-09-30_de_16_14,2021-09-30,Detik,Adik Kim Jong-Un Duduki Jabatan di Badan Tertinggi Pemerintah Korut,https://news.detik.com/internasional/d-5746695/adik-kim-jong-un-duduki-jabatan-di-badan-tertinggi-pemerintah-korut
2021-09-30_de_16_15,2021-09-30,Detik,Polisi Selidiki Penyebab Bocah Pangandaran Meninggal Diduga Diperkosa,https://news.detik.com/berita-jawa-barat/d-5746692/polisi-selidiki-penyebab-bocah-pangandaran-meninggal-diduga-diperkosa
2021-09-30_de_16_16,2021-09-30,Detik,Momen Lodewijk F Paulus Dilantik Jadi Waka DPR Gantikan Azis,https://news.detik.com/detiktv/d-5746689/momen-lodewijk-f-paulus-dilantik-jadi-waka-dpr-gantikan-azis
2021-09-30_de_16_17,2021-09-30,Detik,Istri di Probolinggo yang Dibakar Suami Sedang Hamil Muda,https://news.detik.com/berita-jawa-timur/d-5746687/istri-di-probolinggo-yang-dibakar-suami-sedang-hamil-muda
2021-09-30_de_16_18,2021-09-30,Detik,Ketakutan yang Tak Perlu Diwariskan,https://news.detik.com/kolom/d-5746573/ketakutan-yang-tak-perlu-diwariskan
2021-09-30_de_16_19,2021-09-30,Detik,Guru Besar Hukum Unsoed Acungi Jempol Kapolri Rekrut Eks Pegawai KPK,https://news.detik.com/berita/d-5746744/guru-besar-hukum-unsoed-acungi-jempol-kapolri-rekrut-eks-pegawai-kpk
2021-09-30_de_17_0,2021-09-30,Detik,"Muncul Retakan Tanah 150 Meter Pascagempa di Brebes, Ancam Permukiman",https://news.detik.com/berita-jawa-tengah/d-5746679/muncul-retakan-tanah-150-meter-pascagempa-di-brebes-ancam-permukiman
2021-09-30_de_17_1,2021-09-30,Detik,"Musim Hujan, Warga Cemas Lewati Jalan Rusak Imbas Proyek IPAL Pekanbaru",https://news.detik.com/berita/d-5746678/musim-hujan-warga-cemas-lewati-jalan-rusak-imbas-proyek-ipal-pekanbaru
2021-09-30_de_17_2,2021-09-30,Detik,Laporan Lesti Kejora dan Rizky Billar ke Polisi Ditunda,https://news.detik.com/berita-jawa-timur/d-5746677/laporan-lesti-kejora-dan-rizky-billar-ke-polisi-ditunda
2021-09-30_de_17_3,2021-09-30,Detik,Pengungsi Afghanistan: Adik Saya Akan Dipaksa Menikahi Petempur Taliban,https://news.detik.com/bbc-world/d-5746672/pengungsi-afghanistan-adik-saya-akan-dipaksa-menikahi-petempur-taliban
2021-09-30_de_17_4,2021-09-30,Detik,Polisi Ungkap Alasan Napoleon Pukul Kace Kedua Kalinya: Tunjukkan Kekuasaan,https://news.detik.com/berita/d-5746665/polisi-ungkap-alasan-napoleon-pukul-kace-kedua-kalinya-tunjukkan-kekuasaan
2021-09-30_de_17_5,2021-09-30,Detik,Penampakan dari Udara Banjir yang Merendam Padang Pariaman,https://news.detik.com/foto-news/d-5746626/penampakan-dari-udara-banjir-yang-merendam-padang-pariaman
2021-09-30_de_17_6,2021-09-30,Detik,Lodewijk F Paulus Resmi Jadi Wakil Ketua DPR Gantikan Azis Syamsuddin,https://news.detik.com/berita/d-5746662/lodewijk-f-paulus-resmi-jadi-wakil-ketua-dpr-gantikan-azis-syamsuddin
2021-09-30_de_17_7,2021-09-30,Detik,"Soal Polisi Genit ke Pemotor, Dirlantas Polda Metro: Hargai Martabat Wanita",https://news.detik.com/berita/d-5746661/soal-polisi-genit-ke-pemotor-dirlantas-polda-metro-hargai-martabat-wanita
2021-09-30_de_17_8,2021-09-30,Detik,Pemprov DKI Pasang Plang Kepemilikan Lahan di Karet Tengsin Jakpus,https://news.detik.com/berita/d-5746674/pemprov-dki-pasang-plang-kepemilikan-lahan-di-karet-tengsin-jakpus
2021-09-30_de_17_9,2021-09-30,Detik,"Sudah 30 September, Kabel-kabel Mampang Prapatan Belum Juga Masuk Tanah",https://news.detik.com/berita/d-5746660/sudah-30-september-kabel-kabel-mampang-prapatan-belum-juga-masuk-tanah
2021-09-30_de_17_10,2021-09-30,Detik,DPR Gelar Rapat Paripurna Peralihan Kursi Azis Syamsuddin ke Lodewijk,https://news.detik.com/detiktv/d-5746657/dpr-gelar-rapat-paripurna-peralihan-kursi-azis-syamsuddin-ke-lodewijk
2021-09-30_de_17_11,2021-09-30,Detik,Ibu-Anak di Subang Dihabisi Pembunuh Bayaran?,https://news.detik.com/berita-jawa-barat/d-5746656/ibu-anak-di-subang-dihabisi-pembunuh-bayaran
2021-09-30_de_17_12,2021-09-30,Detik,KPK Pasang Bendera Setengah Tiang,https://news.detik.com/berita/d-5746644/kpk-pasang-bendera-setengah-tiang
2021-09-30_de_17_13,2021-09-30,Detik,PSI Persilakan Viani Limardi Ajukan Gugatan Rp 1 Triliun soal Pemecatan,https://news.detik.com/berita/d-5746643/psi-persilakan-viani-limardi-ajukan-gugatan-rp-1-triliun-soal-pemecatan
2021-09-30_de_17_14,2021-09-30,Detik,"Bendera Setengah Tiang Diimbau Dikibarkan 30 September, Ini Tata Caranya",https://news.detik.com/berita/d-5746641/bendera-setengah-tiang-diimbau-dikibarkan-30-september-ini-tata-caranya
2021-09-30_de_17_15,2021-09-30,Detik,Kepala Rutan Bareskrim Jadi Tersangka Buntut Irjen Napoleon Aniaya Kace!,https://news.detik.com/berita/d-5746638/kepala-rutan-bareskrim-jadi-tersangka-buntut-irjen-napoleon-aniaya-kace
2021-09-30_de_17_16,2021-09-30,Detik,Suami di Probolinggo Bakar Istri Setelah 7 Bulan Nikah Siri,https://news.detik.com/berita-jawa-timur/d-5746632/suami-di-probolinggo-bakar-istri-setelah-7-bulan-nikah-siri
2021-09-30_de_17_17,2021-09-30,Detik,Siap-siap Lur! Jalur Pendakian Gunung Merbabu Dibuka Lagi Bulan Depan,https://news.detik.com/berita-jawa-tengah/d-5746631/siap-siap-lur-jalur-pendakian-gunung-merbabu-dibuka-lagi-bulan-depan
2021-09-30_de_17_18,2021-09-30,Detik,"Tinjau Progres Pembangunan Tol Cisumdawu, Luhut: Tuntas 2022 Awal",https://news.detik.com/berita-jawa-barat/d-5746612/tinjau-progres-pembangunan-tol-cisumdawu-luhut-tuntas-2022-awal
2021-09-30_de_17_19,2021-09-30,Detik,Tameng Yusril Tangkis Serangan PD: Meme SBY Prihatin,https://news.detik.com/berita/d-5746611/tameng-yusril-tangkis-serangan-pd-meme-sby-prihatin
2021-09-30_de_18_0,2021-09-30,Detik,Polisi Genit Minta Nomor HP Pemotor Wanita di Tangerang Diperiksa Propam,https://news.detik.com/berita/d-5746610/polisi-genit-minta-nomor-hp-pemotor-wanita-di-tangerang-diperiksa-propam
2021-09-30_de_18_1,2021-09-30,Detik,Kim Jong un Tawarkan Korsel Dialog Demi Pemulihan Hubungan,https://news.detik.com/detiktv/d-5746609/kim-jong-un-tawarkan-korsel-dialog-demi-pemulihan-hubungan
2021-09-30_de_18_2,2021-09-30,Detik,MK Nyatakan Koruptor hingga Bandar Narkoba Berhak Dapat Remisi!,https://news.detik.com/berita/d-5746583/mk-nyatakan-koruptor-hingga-bandar-narkoba-berhak-dapat-remisi
2021-09-30_de_18_3,2021-09-30,Detik,Ini Daftar 6 Pasar yang Mulai Terapkan PeduliLindungi untuk Skrining,https://news.detik.com/berita/d-5746582/ini-daftar-6-pasar-yang-mulai-terapkan-pedulilindungi-untuk-skrining
2021-09-30_de_18_4,2021-09-30,Detik,Ortu Suami di Jember Sempat Pingsan Lihat Anak Selingkuh Digerebek Istrinya,https://news.detik.com/berita-jawa-timur/d-5746577/ortu-suami-di-jember-sempat-pingsan-lihat-anak-selingkuh-digerebek-istrinya
2021-09-30_de_18_5,2021-09-30,Detik,Potret Pemberantasan Tambang Emas Ilegal di Riau,https://news.detik.com/foto-news/d-5746529/potret-pemberantasan-tambang-emas-ilegal-di-riau
2021-09-30_de_18_6,2021-09-30,Detik,Dubes Prancis Kembali ke AS Usai Ribut-ribut Kapal Selam Nuklir,https://news.detik.com/internasional/d-5746575/dubes-prancis-kembali-ke-as-usai-ribut-ribut-kapal-selam-nuklir
2021-09-30_de_18_7,2021-09-30,Detik,"IDI Aceh Kutuk Warga Amuk Lokasi Vaksinasi, Minta Jaminan Keselamatan Nakes",https://news.detik.com/berita/d-5746571/idi-aceh-kutuk-warga-amuk-lokasi-vaksinasi-minta-jaminan-keselamatan-nakes
2021-09-30_de_18_8,2021-09-30,Detik,"Tak Cuma Gaji Istri Lebih Tinggi, Ini Sebab Terbanyak Perceraian di Jepara",https://news.detik.com/berita-jawa-tengah/d-5746570/tak-cuma-gaji-istri-lebih-tinggi-ini-sebab-terbanyak-perceraian-di-jepara
2021-09-30_de_18_9,2021-09-30,Detik,DPR Gelar Paripurna Penetapan Lodewijk Gantikan Azis Syamsuddin Jadi Waka DPR,https://news.detik.com/berita/d-5746567/dpr-gelar-paripurna-penetapan-lodewijk-gantikan-azis-syamsuddin-jadi-waka-dpr
2021-09-30_de_18_10,2021-09-30,Detik,"Tinjau Vaksinasi, Puan Disambut Warga Sampai Dibekali Kerupuk",https://news.detik.com/berita/d-5746564/tinjau-vaksinasi-puan-disambut-warga-sampai-dibekali-kerupuk
2021-09-30_de_18_11,2021-09-30,Detik,"Kapolda Metro soal Polisi Genit ke Wanita: Jangan Aneh-aneh, Jaga Perilaku!",https://news.detik.com/berita/d-5746559/kapolda-metro-soal-polisi-genit-ke-wanita-jangan-aneh-aneh-jaga-perilaku
2021-09-30_de_18_12,2021-09-30,Detik,Deretan Kejadian yang Diklaim Jadi Isu Kebangkitan PKI,https://news.detik.com/berita/d-5746555/deretan-kejadian-yang-diklaim-jadi-isu-kebangkitan-pki
2021-09-30_de_18_13,2021-09-30,Detik,Jaksa Agung Kenang Sosok Sabam Sirait: Teladan Bagi Generasi Muda,https://news.detik.com/detiktv/d-5746550/jaksa-agung-kenang-sosok-sabam-sirait-teladan-bagi-generasi-muda
2021-09-30_de_18_14,2021-09-30,Detik,Terungkap Arahan Jokowi Tolak Pengesahan KLB Demokrat Moeldoko,https://news.detik.com/berita/d-5746549/terungkap-arahan-jokowi-tolak-pengesahan-klb-demokrat-moeldoko
2021-09-30_de_18_15,2021-09-30,Detik,Korban Tewas Akibar Banjir Bandang-Longsor di Pariaman Jadi 4 Orang,https://news.detik.com/berita/d-5746545/korban-tewas-akibar-banjir-bandang-longsor-di-pariaman-jadi-4-orang
2021-09-30_de_18_16,2021-09-30,Detik,"Sebulan Lebih Pembunuhan Sadis Subang Belum Terungkap, Polisi: Butuh Waktu",https://news.detik.com/berita-jawa-barat/d-5746544/sebulan-lebih-pembunuhan-sadis-subang-belum-terungkap-polisi-butuh-waktu
2021-09-30_de_18_17,2021-09-30,Detik,Dalih Emak-emak 'Bobol' Pasar di Bandung Tanpa Pindai Kode QR,https://news.detik.com/berita-jawa-barat/d-5746541/dalih-emak-emak-bobol-pasar-di-bandung-tanpa-pindai-kode-qr
2021-09-30_de_18_18,2021-09-30,Detik,Penanda Semiotika Akhir September,https://news.detik.com/kolom/d-5746536/penanda-semiotika-akhir-september
2021-09-30_de_18_19,2021-09-30,Detik,"Soroti Demo Harga Pakan-Telur Ayam, Komisi IV: Harus Ada Solusi Permanen",https://news.detik.com/berita/d-5746538/soroti-demo-harga-pakan-telur-ayam-komisi-iv-harus-ada-solusi-permanen
2021-09-30_de_19_0,2021-09-30,Detik,Fakta di Balik Viral Pegawai Swalayan Curhat Gaji Dipotong-Dijerat UU ITE,https://news.detik.com/berita/d-5746537/fakta-di-balik-viral-pegawai-swalayan-curhat-gaji-dipotong-dijerat-uu-ite
2021-09-30_de_19_1,2021-09-30,Detik,Mantan Kabareskrim soal Polri Rekrut Pegawai KPK: Langkah Bijak,https://news.detik.com/berita/d-5746655/mantan-kabareskrim-soal-polri-rekrut-pegawai-kpk-langkah-bijak
2021-09-30_de_19_2,2021-09-30,Detik,MK Putuskan Taspen Tidak Lebur ke BPJS!,https://news.detik.com/berita/d-5746527/mk-putuskan-taspen-tidak-lebur-ke-bpjs
2021-09-30_de_19_3,2021-09-30,Detik,Begini Kondisi di Penjara Ekuador Usai Bentrokan Maut,https://news.detik.com/foto-news/d-5746506/begini-kondisi-di-penjara-ekuador-usai-bentrokan-maut
2021-09-30_de_19_4,2021-09-30,Detik,Kapten Pierre Tendean dan Sisi Lain Kisah Cintanya dengan Rukmini,https://news.detik.com/berita/d-5746526/kapten-pierre-tendean-dan-sisi-lain-kisah-cintanya-dengan-rukmini
2021-09-30_de_19_5,2021-09-30,Detik,"Deklarator Partai Sabam Sirait Wafat, PDIP Berduka",https://news.detik.com/berita/d-5746525/deklarator-partai-sabam-sirait-wafat-pdip-berduka
2021-09-30_de_19_6,2021-09-30,Detik,Deal Baru dari Formula E Jakarta yang Jadi Kontroversi,https://news.detik.com/berita/d-5746522/deal-baru-dari-formula-e-jakarta-yang-jadi-kontroversi
2021-09-30_de_19_7,2021-09-30,Detik,Korban Kasus Penggandaan Sertifikat Tanah di Nganjuk Bertambah,https://news.detik.com/berita-jawa-timur/d-5746519/korban-kasus-penggandaan-sertifikat-tanah-di-nganjuk-bertambah
2021-09-30_de_19_8,2021-09-30,Detik,Kenang Anies akan Sabam Sirait: Senior yang Selalu Berjuang untuk Rakyat,https://news.detik.com/detiktv/d-5746518/kenang-anies-akan-sabam-sirait-senior-yang-selalu-berjuang-untuk-rakyat
2021-09-30_de_19_9,2021-09-30,Detik,"Hibur Warga Antre Vaksin, Gubsu Nyanyi 'Setulus Hatimu Semurni Cintamu'",https://news.detik.com/berita/d-5746517/hibur-warga-antre-vaksin-gubsu-nyanyi-setulus-hatimu-semurni-cintamu
2021-09-30_de_19_10,2021-09-30,Detik,Menilik Sejarah dan Silsilah Kerajaan Sumedang Larang,https://news.detik.com/berita-jawa-barat/d-5746516/menilik-sejarah-dan-silsilah-kerajaan-sumedang-larang
2021-09-30_de_19_11,2021-09-30,Detik,"Puluhan Pemukim Israel Serang Desa Palestina, Lukai Balita",https://news.detik.com/internasional/d-5746504/puluhan-pemukim-israel-serang-desa-palestina-lukai-balita
2021-09-30_de_19_12,2021-09-30,Detik,Duduk Perkara Oknum Polisi di Tangerang Genit ke Pemotor Wanita,https://news.detik.com/berita/d-5746500/duduk-perkara-oknum-polisi-di-tangerang-genit-ke-pemotor-wanita
2021-09-30_de_19_13,2021-09-30,Detik,"Dukung PON, Kapolri Minta Vaksinasi COVID-19 di Papua Ditingkatkan",https://news.detik.com/berita/d-5746497/dukung-pon-kapolri-minta-vaksinasi-covid-19-di-papua-ditingkatkan
2021-09-30_de_19_14,2021-09-30,Detik,Istri di Jember Bawa Dua Anaknya Saat Gerebek Suami Selingkuh,https://news.detik.com/berita-jawa-timur/d-5746484/istri-di-jember-bawa-dua-anaknya-saat-gerebek-suami-selingkuh
2021-09-30_de_19_15,2021-09-30,Detik,"Antisipasi Banjir, Lumpur Kali Krukut Dikeruk",https://news.detik.com/foto-news/d-5746452/antisipasi-banjir-lumpur-kali-krukut-dikeruk
2021-09-30_de_19_16,2021-09-30,Detik,Korban Dugaan Penipuan Anak Nia Daniaty Diperiksa Senin 4 Oktober,https://news.detik.com/berita/d-5746480/korban-dugaan-penipuan-anak-nia-daniaty-diperiksa-senin-4-oktober
2021-09-30_de_19_17,2021-09-30,Detik,Karangan Bunga Dukacita Berjejer di Kediaman Mendiang Sabam Sirait,https://news.detik.com/detiktv/d-5746478/karangan-bunga-dukacita-berjejer-di-kediaman-mendiang-sabam-sirait
2021-09-30_de_19_18,2021-09-30,Detik,"Dipecat KPK, Novel Baswedan dkk Akan Temui Jokowi dan Gugat ke PTUN",https://news.detik.com/berita/d-5746477/dipecat-kpk-novel-baswedan-dkk-akan-temui-jokowi-dan-gugat-ke-ptun
2021-09-30_de_19_19,2021-09-30,Detik,"Kasus Suap Pajak Dealer Jaguar-Bentley, PK Pengusaha Darwin Ditolak",https://news.detik.com/berita/d-5746476/kasus-suap-pajak-dealer-jaguar-bentley-pk-pengusaha-darwin-ditolak
2021-09-30_de_20_0,2021-09-30,Detik,"5 Juta Warga Sulsel Belum Vaksin, PKK Desa Ditargetkan 100 Orang Per Hari",https://news.detik.com/berita/d-5746475/5-juta-warga-sulsel-belum-vaksin-pkk-desa-ditargetkan-100-orang-per-hari
2021-09-30_de_20_1,2021-09-30,Detik,"Cegah Banjir, Pemkot Jaksel Keruk Kali Krukut Jalan Gatsu-Sudirman",https://news.detik.com/berita/d-5746479/cegah-banjir-pemkot-jaksel-keruk-kali-krukut-jalan-gatsu-sudirman
2021-09-30_de_20_2,2021-09-30,Detik,Mahfud Md: Amnesti Dosen Unsyiah Pengkritik Kampus Keluar Pekan Depan,https://news.detik.com/berita/d-5746471/mahfud-md-amnesti-dosen-unsyiah-pengkritik-kampus-keluar-pekan-depan
2021-09-30_de_20_3,2021-09-30,Detik,"Lagu Lama Isu Kebangkitan G30S/PKI, Kali Ini dari Hilangnya Patung",https://news.detik.com/berita/d-5746468/lagu-lama-isu-kebangkitan-g30spki-kali-ini-dari-hilangnya-patung
2021-09-30_de_20_4,2021-09-30,Detik,"Polisi Musnahkan 15 Mesin Tambang Emas Liar di Riau, Penambang Kabur",https://news.detik.com/berita/d-5746467/polisi-musnahkan-15-mesin-tambang-emas-liar-di-riau-penambang-kabur
2021-09-30_de_20_5,2021-09-30,Detik,"Patung Bung KarnoDiresmikan, Walkot Semarang: Ini sebagai Tetenger",https://news.detik.com/berita/d-5746451/patung-bung-karnodiresmikan-walkot-semarang-ini-sebagai-tetenger
2021-09-30_de_20_6,2021-09-30,Detik,Kejati Sumut Tetapkan 3 Tersangka Dugaan Korupsi PT PSU Senilai Rp 109 Miliar,https://news.detik.com/berita/d-5746446/kejati-sumut-tetapkan-3-tersangka-dugaan-korupsi-pt-psu-senilai-rp-109-miliar
2021-09-30_de_20_7,2021-09-30,Detik,"Dear Wisatawan, Liburan ke Pandeglang Kini Wajib Tunjukkan Kartu Vaksin",https://news.detik.com/berita-jawa-barat/d-5746442/dear-wisatawan-liburan-ke-pandeglang-kini-wajib-tunjukkan-kartu-vaksin
2021-09-30_de_20_8,2021-09-30,Detik,"Putin dan Erdogan Duduk Bersama di Sochi, Apa yang Dibahas?",https://news.detik.com/internasional/d-5746441/putin-dan-erdogan-duduk-bersama-di-sochi-apa-yang-dibahas
2021-09-30_de_20_9,2021-09-30,Detik,Pelajar-Santri di Konawe Juga Ikut Vaksinasi COVID,https://news.detik.com/foto-news/d-5746740/pelajar-santri-di-konawe-juga-ikut-vaksinasi-covid
2021-09-30_de_20_10,2021-09-30,Detik,Pemotor Wanita Cari Tahu Nomor Polisi Genit di Tangerang Via Get Contact,https://news.detik.com/berita/d-5746418/pemotor-wanita-cari-tahu-nomor-polisi-genit-di-tangerang-via-get-contact
2021-09-30_de_20_11,2021-09-30,Detik,Istri di Jember Teriak Histeris Gerebek Suami Bersama Perempuan Lain di Kos,https://news.detik.com/berita-jawa-timur/d-5746417/istri-di-jember-teriak-histeris-gerebek-suami-bersama-perempuan-lain-di-kos
2021-09-30_de_20_12,2021-09-30,Detik,"Sempat Terputus, Jalan Tertimpa Longsor di Bengkulu Tengah Kini Bisa Dilalui",https://news.detik.com/berita/d-5746416/sempat-terputus-jalan-tertimpa-longsor-di-bengkulu-tengah-kini-bisa-dilalui
2021-09-30_de_20_13,2021-09-30,Detik,"Dipecat KPK Hari Ini, Ketua WP Yudi Purnomo Pamit",https://news.detik.com/berita/d-5746413/dipecat-kpk-hari-ini-ketua-wp-yudi-purnomo-pamit
2021-09-30_de_20_14,2021-09-30,Detik,"Padang Pariaman Diterjang Banjir Bandang, Begini Kerusakannya",https://news.detik.com/foto-news/d-5746385/padang-pariaman-diterjang-banjir-bandang-begini-kerusakannya
2021-09-30_de_20_15,2021-09-30,Detik,"Waspadai China, AS-Uni Eropa Jalin Aliansi di Bidang Teknologi",https://news.detik.com/dw/d-5746404/waspadai-china-as-uni-eropa-jalin-aliansi-di-bidang-teknologi
2021-09-30_de_20_16,2021-09-30,Detik,"Novel Baswedan dkk Dipecat, Gedung KPK Dijaga Ketat",https://news.detik.com/berita/d-5746403/novel-baswedan-dkk-dipecat-gedung-kpk-dijaga-ketat
2021-09-30_de_20_17,2021-09-30,Detik,Kim Jong-Un Kecam Tawaran Dialog AS sebagai 'Trik Murahan',https://news.detik.com/internasional/d-5746402/kim-jong-un-kecam-tawaran-dialog-as-sebagai-trik-murahan
2021-09-30_de_20_18,2021-09-30,Detik,29 Kepala BPJS Kesehatan Kabupaten/Kota di Papua Dilatih Kepemimpinan,https://news.detik.com/berita/d-5746401/29-kepala-bpjs-kesehatan-kabupatenkota-di-papua-dilatih-kepemimpinan
2021-09-30_de_20_19,2021-09-30,Detik,Wow! Pagar Akuarium Ikan Koi Ini Habiskan Rp 50 Juta,https://news.detik.com/detiktv/d-5746405/wow-pagar-akuarium-ikan-koi-ini-habiskan-rp-50-juta
2021-09-30_de_21_0,2021-09-30,Detik,"Gagal Menjadi Polisi, Tentara dan Guru, Kini Dikenal dengan Fisioterapis",https://news.detik.com/detiktv/d-5746400/gagal-menjadi-polisi-tentara-dan-guru-kini-dikenal-dengan-fisioterapis
2021-09-30_de_21_1,2021-09-30,Detik,"Ratusan Ribu Rokok Ilegal Disita di Blitar, Rugikan Negara Hampir Rp 400 Juta",https://news.detik.com/berita-jawa-timur/d-5746398/ratusan-ribu-rokok-ilegal-disita-di-blitar-rugikan-negara-hampir-rp-400-juta
2021-09-30_de_21_2,2021-09-30,Detik,"Kisah Ishak Bahar, Dipenjara Belasan Tahun Tanpa Persidangan",https://news.detik.com/berita-jawa-tengah/d-5746397/kisah-ishak-bahar-dipenjara-belasan-tahun-tanpa-persidangan
2021-09-30_de_21_3,2021-09-30,Detik,"Nasib 57 Pegawai KPK yang Dicap ""Merah"" Hingga Rayuan Jadi ASN Polri",https://news.detik.com/detiktv/d-5746395/nasib-57-pegawai-kpk-yang-dicap-merah-hingga-rayuan-jadi-asn-polri
2021-09-30_de_21_4,2021-09-30,Detik,Jadwal dan Lokasi Vaksinasi di Ciamis Akhir Pekan Ini,https://news.detik.com/berita-jawa-barat/d-5746390/jadwal-dan-lokasi-vaksinasi-di-ciamis-akhir-pekan-ini
2021-09-30_de_21_5,2021-09-30,Detik,Alasan MK Bolehkan Privatisasi Anak-Cucu BUMN: Untuk Efisiensi,https://news.detik.com/berita/d-5746381/alasan-mk-bolehkan-privatisasi-anak-cucu-bumn-untuk-efisiensi
2021-09-30_de_21_6,2021-09-30,Detik,Curhat Guru Honorer di Palembang soal Insentif Tak Kunjung Cair 5 Bulan,https://news.detik.com/berita/d-5746377/curhat-guru-honorer-di-palembang-soal-insentif-tak-kunjung-cair-5-bulan
2021-09-30_de_21_7,2021-09-30,Detik,"116 Orang Tewas dalam Bentrokan di Penjara Ekuador, 5 Dipenggal",https://news.detik.com/internasional/d-5746359/116-orang-tewas-dalam-bentrokan-di-penjara-ekuador-5-dipenggal
2021-09-30_de_21_8,2021-09-30,Detik,"7 Fakta Gibran Bagi-bagi Beras, Berstiker Foto-Duplikasi Jokowi",https://news.detik.com/berita-jawa-tengah/d-5746358/7-fakta-gibran-bagi-bagi-beras-berstiker-foto-duplikasi-jokowi
2021-09-30_de_21_9,2021-09-30,Detik,Mahfud Md Jawab Anggapan Diam Saja soal Kasus Habib Rizieq,https://news.detik.com/berita/d-5746348/mahfud-md-jawab-anggapan-diam-saja-soal-kasus-habib-rizieq
2021-09-30_de_21_10,2021-09-30,Detik,"Wapres Ma'ruf Amin Kunker ke Jatim, Ini Sejumlah Agendanya",https://news.detik.com/berita-jawa-timur/d-5746347/wapres-maruf-amin-kunker-ke-jatim-ini-sejumlah-agendanya
2021-09-30_de_21_11,2021-09-30,Detik,"Terpilih Jadi PM Jepang, Fumio Kishida Janji Naikkan Gaji Warga",https://news.detik.com/detiktv/d-5746346/terpilih-jadi-pm-jepang-fumio-kishida-janji-naikkan-gaji-warga
2021-09-30_de_21_12,2021-09-30,Detik,Kesaksian Eks PrajuritCakrabirawadi Malam 30 September 1965,https://news.detik.com/berita-jawa-tengah/d-5746340/kesaksian-eks-prajuritcakrabirawadi-malam-30-september-1965
2021-09-30_de_21_13,2021-09-30,Detik,Pemotor Wanita Tuntut Video Klarifikasi dari Polisi Genit di Tangerang,https://news.detik.com/berita/d-5746335/pemotor-wanita-tuntut-video-klarifikasi-dari-polisi-genit-di-tangerang
2021-09-30_de_21_14,2021-09-30,Detik,Pemprov DKI Akan Pindahkan 40 Keluarga di Karet Tengsin ke Rusun,https://news.detik.com/berita/d-5746334/pemprov-dki-akan-pindahkan-40-keluarga-di-karet-tengsin-ke-rusun
2021-09-30_de_21_15,2021-09-30,Detik,"Gedung-gedung di Brasil Dipenuhi Mural Raksasa, Ada Apa?",https://news.detik.com/foto-news/d-5746322/gedung-gedung-di-brasil-dipenuhi-mural-raksasa-ada-apa
2021-09-30_de_21_16,2021-09-30,Detik,Ada Bau Gas Sebelum Ledakan di Apartemen Dallas AS,https://news.detik.com/detiktv/d-5746318/ada-bau-gas-sebelum-ledakan-di-apartemen-dallas-as
2021-09-30_de_21_17,2021-09-30,Detik,Bisakah Saya Pidanakan Suami yang Anggota Polri karena Selingkuh dan KDRT?,https://news.detik.com/berita/d-5746312/bisakah-saya-pidanakan-suami-yang-anggota-polri-karena-selingkuh-dan-kdrt
2021-09-30_de_21_18,2021-09-30,Detik,Waka Komisi IX: Penelitian Kemenkes Tak Indikasikan Kratom sebagai Narkoba,https://news.detik.com/berita/d-5746311/waka-komisi-ix-penelitian-kemenkes-tak-indikasikan-kratom-sebagai-narkoba
2021-09-30_de_21_19,2021-09-30,Detik,Geger! Pria di Probolinggo Tega Bakar Istri dan Anaknya,https://news.detik.com/detiktv/d-5746310/geger-pria-di-probolinggo-tega-bakar-istri-dan-anaknya
2021-09-30_de_22_0,2021-09-30,Detik,"Istri di Probolinggo Dibakar Suami, Luka Bakar Capai 80 Persen",https://news.detik.com/berita-jawa-timur/d-5746309/istri-di-probolinggo-dibakar-suami-luka-bakar-capai-80-persen
2021-09-30_de_22_1,2021-09-30,Detik,Andre Rosiade-Gerindra Sumbar Gelar Nobar Film Penumpasan G30S/PKI,https://news.detik.com/berita/d-5746292/andre-rosiade-gerindra-sumbar-gelar-nobar-film-penumpasan-g30spki
2021-09-30_de_22_2,2021-09-30,Detik,Cerita Mojang Sumedang Unjuk Gigi di Hadapan Raja-raja Nusantara,https://news.detik.com/berita-jawa-barat/d-5746290/cerita-mojang-sumedang-unjuk-gigi-di-hadapan-raja-raja-nusantara
2021-09-30_de_22_3,2021-09-30,Detik,"Seribuan Istri di Jepara Minta Cerai, Pemicunya soal Gaji",https://news.detik.com/berita-jawa-tengah/d-5746289/seribuan-istri-di-jepara-minta-cerai-pemicunya-soal-gaji
2021-09-30_de_22_4,2021-09-30,Detik,Ketua KPU Tanjabtim Diperiksa Jaksa soal Dugaan Penyelewengan Dana Hibah,https://news.detik.com/berita/d-5746287/ketua-kpu-tanjabtim-diperiksa-jaksa-soal-dugaan-penyelewengan-dana-hibah
2021-09-30_de_22_5,2021-09-30,Detik,Pemotor Wanita Serahkan Proses Hukum Polisi Genit Minta Nomor HP ke Propam,https://news.detik.com/berita/d-5746284/pemotor-wanita-serahkan-proses-hukum-polisi-genit-minta-nomor-hp-ke-propam
2021-09-30_de_22_6,2021-09-30,Detik,Ketahuan Karaoke Tanpa Prokes di Bali tapi Kades Ini Lolos dari Sanksi,https://news.detik.com/berita/d-5746283/ketahuan-karaoke-tanpa-prokes-di-bali-tapi-kades-ini-lolos-dari-sanksi
2021-09-30_de_22_7,2021-09-30,Detik,Aksi Geng Motor Serang Warga di Sekitar Rumah JK di Makassar,https://news.detik.com/detiktv/d-5746279/aksi-geng-motor-serang-warga-di-sekitar-rumah-jk-di-makassar
2021-09-30_de_22_8,2021-09-30,Detik,Sandiaga Dinilai Belum Punya Tiket Nyapres Meski Relawan Mulai Muncul,https://news.detik.com/berita/d-5746277/sandiaga-dinilai-belum-punya-tiket-nyapres-meski-relawan-mulai-muncul
2021-09-30_de_22_9,2021-09-30,Detik,"Penampakan Lava Gunung di La Palma ke Laut, Potensi Hasilkan Gas Beracun",https://news.detik.com/detiktv/d-5746276/penampakan-lava-gunung-di-la-palma-ke-laut-potensi-hasilkan-gas-beracun
2021-09-30_de_22_10,2021-09-30,Detik,Saat Siswi SMP di Madiun Melahirkan dan Neneknya Bilang Dihamili Makhluk Halus,https://news.detik.com/berita-jawa-timur/d-5746275/saat-siswi-smp-di-madiun-melahirkan-dan-neneknya-bilang-dihamili-makhluk-halus
2021-09-30_de_22_11,2021-09-30,Detik,Polda Metro: Pelaku Pembegalan Ustaz di Bekasi Masih dalam Pengejaran,https://news.detik.com/berita/d-5746272/polda-metro-pelaku-pembegalan-ustaz-di-bekasi-masih-dalam-pengejaran
2021-09-30_de_22_12,2021-09-30,Detik,Dilema Kratom Lebih Bahaya dari Kokain tapi Diekspor ke Belanda,https://news.detik.com/berita/d-5746271/dilema-kratom-lebih-bahaya-dari-kokain-tapi-diekspor-ke-belanda
2021-09-30_de_22_13,2021-09-30,Detik,Deal Terkini dan Penegasan Pemprov DKI Formula E Demi Reputasi,https://news.detik.com/berita/d-5746269/deal-terkini-dan-penegasan-pemprov-dki-formula-e-demi-reputasi
2021-09-30_de_22_14,2021-09-30,Detik,Gertakan Taliban ke Paman Sam Buntut Drone Wara-wiri di Afghanistan,https://news.detik.com/internasional/d-5746266/gertakan-taliban-ke-paman-sam-buntut-drone-wara-wiri-di-afghanistan
2021-09-30_de_22_15,2021-09-30,Detik,"Novel Baswedan dkk Resmi Diberhentikan dari KPK, Apa Langkah Selanjutnya?",https://news.detik.com/berita/d-5746264/novel-baswedan-dkk-resmi-diberhentikan-dari-kpk-apa-langkah-selanjutnya
2021-09-30_de_22_16,2021-09-30,Detik,Pria di Probolinggo Bakar Istri dan Anaknya,https://news.detik.com/berita-jawa-timur/d-5746263/pria-di-probolinggo-bakar-istri-dan-anaknya
2021-09-30_de_22_17,2021-09-30,Detik,Pendiri PDIP Sabam Sirait Wafat,https://news.detik.com/detiktv/d-5746261/pendiri-pdip-sabam-sirait-wafat
2021-09-30_de_22_18,2021-09-30,Detik,"Profil Sabam Sirait, Pendiri PDI Perjuangan yang Wafat Kemarin Malam",https://news.detik.com/berita/d-5746260/profil-sabam-sirait-pendiri-pdi-perjuangan-yang-wafat-kemarin-malam
2021-09-30_de_22_19,2021-09-30,Detik,Babak Baru Dugaan Penganiayaan Ayu Thalia Usai Anak Ahok Diperiksa,https://news.detik.com/berita/d-5746255/babak-baru-dugaan-penganiayaan-ayu-thalia-usai-anak-ahok-diperiksa
2021-09-30_de_23_0,2021-09-30,Detik,Geng Motor Serang Pemukiman Warga dekat Rumah Pribadi JK di Makassar,https://news.detik.com/berita/d-5746252/geng-motor-serang-pemukiman-warga-dekat-rumah-pribadi-jk-di-makassar
2021-09-30_de_23_1,2021-09-30,Detik,Motif Pembacokan Ustaz di Bekasi Terungkap,https://news.detik.com/berita/d-5746251/motif-pembacokan-ustaz-di-bekasi-terungkap
2021-09-30_de_23_2,2021-09-30,Detik,Gerindra Yakin Sandiaga Pilih Kerja Dibanding Respons Deklarasi Relawan,https://news.detik.com/berita/d-5746250/gerindra-yakin-sandiaga-pilih-kerja-dibanding-respons-deklarasi-relawan
2021-09-30_de_23_3,2021-09-30,Detik,Bendum PB HMI soal 56 Pegawai KPK: Jokowi dan Kapolri Dengar Suara Rakyat,https://news.detik.com/berita/d-5746281/bendum-pb-hmi-soal-56-pegawai-kpk-jokowi-dan-kapolri-dengar-suara-rakyat
2021-09-30_de_23_4,2021-09-30,Detik,Menanti Keputusan Novel Baswedan dkk soal Direkrut Polri,https://news.detik.com/berita/d-5746248/menanti-keputusan-novel-baswedan-dkk-soal-direkrut-polri
2021-09-30_de_23_5,2021-09-30,Detik,Kala Polri Rekrut 56 Pegawai yang 'Didepak' KPK,https://news.detik.com/foto-news/d-5746242/kala-polri-rekrut-56-pegawai-yang-didepak-kpk
2021-09-30_de_23_6,2021-09-30,Detik,"Mahfud Bicara soal HRS, Mulai dari Kepulangan hingga Vonis Pengadilan",https://news.detik.com/berita/d-5746240/mahfud-bicara-soal-hrs-mulai-dari-kepulangan-hingga-vonis-pengadilan
2021-09-30_de_23_7,2021-09-30,Detik,Rusia Kembali Cetak Rekor Kasus Kematian Akibat Covid-19,https://news.detik.com/detiktv/d-5746238/rusia-kembali-cetak-rekor-kasus-kematian-akibat-covid-19
2021-09-30_de_23_8,2021-09-30,Detik,Fenomena Sirkulasi Siklonik Terpantau di Wilayah Laut Natuna,https://news.detik.com/detiktv/d-5746237/fenomena-sirkulasi-siklonik-terpantau-di-wilayah-laut-natuna
2021-09-30_de_23_9,2021-09-30,Detik,Perkara Sayatan di Kuping Muazin Bikin Romadona Terancam Dipenjara,https://news.detik.com/berita/d-5746236/perkara-sayatan-di-kuping-muazin-bikin-romadona-terancam-dipenjara
2021-09-30_de_23_10,2021-09-30,Detik,Novel Baswedan Dkk Resmi Diberhentikan dari KPK Hari Ini,https://news.detik.com/berita/d-5746233/novel-baswedan-dkk-resmi-diberhentikan-dari-kpk-hari-ini
2021-09-30_de_23_11,2021-09-30,Detik,Tambah Panjang Daftar Tersangka Kebakaran Maut Lapas Tangerang,https://news.detik.com/berita/d-5746229/tambah-panjang-daftar-tersangka-kebakaran-maut-lapas-tangerang
2021-09-30_de_23_12,2021-09-30,Detik,Waspada Potensi Hujan Kilat dan Angin di Jaktim dan Jaksel,https://news.detik.com/berita/d-5746228/waspada-potensi-hujan-kilat-dan-angin-di-jaktim-dan-jaksel
2021-09-30_de_23_13,2021-09-30,Detik,"Ledakan di Kompleks Apartemen AS, 3 Petugas Damkar Kritis",https://news.detik.com/detiktv/d-5746226/ledakan-di-kompleks-apartemen-as-3-petugas-damkar-kritis
2021-09-30_de_23_14,2021-09-30,Detik,Apresiasi 57 Pegawai KPK untuk Tawaran Jadi ASN Polri,https://news.detik.com/detiktv/d-5746219/apresiasi-57-pegawai-kpk-untuk-tawaran-jadi-asn-polri
2021-09-30_de_23_15,2021-09-30,Detik,"PBB Khawatir Kekuasaan Militer di Myanmar, Dukung Demokrasi Rakyat",https://news.detik.com/internasional/d-5746214/pbb-khawatir-kekuasaan-militer-di-myanmar-dukung-demokrasi-rakyat
2021-09-30_de_23_16,2021-09-30,Detik,Tokoh Rohingya Mohib Ullah Ditembak Mati di Kamp Bangladesh,https://news.detik.com/internasional/d-5746205/tokoh-rohingya-mohib-ullah-ditembak-mati-di-kamp-bangladesh
2021-09-30_de_23_17,2021-09-30,Detik,"Erdogan Sambangi Putin di Rusia, Bahas Apa?",https://news.detik.com/detiktv/d-5746204/erdogan-sambangi-putin-di-rusia-bahas-apa
2021-09-30_de_23_18,2021-09-30,Detik,"Habis Bensin saat Beraksi, Begal di Cianjur Jadi Bulan-bulanan Warga",https://news.detik.com/detiktv/d-5746199/habis-bensin-saat-beraksi-begal-di-cianjur-jadi-bulan-bulanan-warga
2021-09-30_de_23_19,2021-09-30,Detik,"Bertemu Pengurus NU Mimika, Yenny Wahid Ajak Perkuat Persaudaraan Antarumat",https://news.detik.com/berita/d-5746198/bertemu-pengurus-nu-mimika-yenny-wahid-ajak-perkuat-persaudaraan-antarumat
2021-09-30_de_24_0,2021-09-30,Detik,Ketua DPD LaNyallaDapat Gelar Datuk Yang Dipertuan Junjungan Negeri,https://news.detik.com/berita/d-5746191/ketua-dpd-lanyalladapat-gelar-datuk-yang-dipertuan-junjungan-negeri
2021-09-30_de_24_1,2021-09-30,Detik,"Ada Longsor diBengkuluTengah, Akses Jalan Terputus",https://news.detik.com/berita/d-5746190/ada-longsor-dibengkulutengah-akses-jalan-terputus
2021-09-30_de_24_2,2021-09-30,Detik,Anggota DPD RI Sabam Sirait Meninggal Dunia,https://news.detik.com/berita/d-5746180/anggota-dpd-ri-sabam-sirait-meninggal-dunia
2021-09-30_de_24_3,2021-09-30,Detik,"Mahfud Anggap KPK Era Firli Produktif, Tangkap 2 Menteri Jadi Buktinya",https://news.detik.com/berita/d-5746168/mahfud-anggap-kpk-era-firli-produktif-tangkap-2-menteri-jadi-buktinya
