unique_id,date,headline,source,url
2020-10-25_ja_0001,2020-10-25,Hari Ini 557 Pasien Sembuh dan 290 Orang Positif Covid-19,Jawa Pos,https://riaupos.jawapos.com/riau/25/10/2020/240367/hari-ini-557-pasien-sembuh-dan-290-orang-positif-covid19.html
2020-10-25_ja_0002,2020-10-25,Menko PMK: Jangan Lakukan Pendekatan Penyadaran Secara Paksa,Jawa Pos,https://www.jawapos.com/nasional/25/10/2020/menko-pmk-jangan-lakukan-pendekatan-penyadaran-secara-paksa/
2020-10-25_ja_0003,2020-10-25,"Dalam Semalam, Enam Baliho Gus Ipul Dirusak, Ini Kata Bawaslu",Jawa Pos,https://radarbromo.jawapos.com/utama/25/10/2020/dalam-semalam-enam-baliho-gus-ipul-dirusak-ini-kata-bawaslu/
2020-10-25_ja_0004,2020-10-25,BMKG Ingatkan Waspada Puting Beliung & Gelombang Tinggi di Selat Bali,Jawa Pos,https://radarbali.jawapos.com/read/2020/10/25/221076/bmkg-ingatkan-waspada-puting-beliung-gelombang-tinggi-di-selat-bali
2020-10-25_ja_0005,2020-10-25,IPhone 12 Series di Prancis Hadir dalam Dua Kotak Berbeda,Jawa Pos,https://www.jawapos.com/oto-dan-tekno/gadget/25/10/2020/iphone-12-series-di-prancis-hadir-dalam-dua-kotak-berbeda/
2020-10-25_ja_0006,2020-10-25,Risma Beberkan Suka Duka Bangun Surabaya selama 10 Tahun,Jawa Pos,https://www.jawapos.com/surabaya/25/10/2020/risma-beberkan-suka-duka-bangun-surabaya-selama-10-tahun/
2020-10-25_ja_0007,2020-10-25,Bunga Bangkai di Serang,Jawa Pos,https://www.jawapos.com/photo/bunga-bangkai-di-serang/
2020-10-25_ja_0008,2020-10-25,"Jadwal Blusukan Dibatasi, Tiga Hari Sekali Cek Dokter",Jawa Pos,https://radarkudus.jawapos.com/read/2020/10/25/221118/jadwal-blusukan-dibatasi-tiga-hari-sekali-cek-dokter
2020-10-25_ja_0009,2020-10-25,Ayah Kandung Diduga Cabuli Anak Sendiri Hingga Melahirkan,Jawa Pos,https://manadopost.jawapos.com/minahasa-raya/minahasa-utara/25/10/2020/ayah-kandung-diduga-cabuli-anak-sendiri-hingga-melahirkan/
2020-10-25_ja_0010,2020-10-25,Satgas Covid-19 Pamekasan Perketat Pengawasan di Tempat Wisata,Jawa Pos,https://www.jawapos.com/jpg-today/25/10/2020/satgas-covid-19-pamekasan-perketat-pengawasan-di-tempat-wisata/
2020-10-25_ja_0011,2020-10-25,Banjir di Bekasi,Jawa Pos,https://www.jawapos.com/photo/banjir-di-bekasi/
2020-10-25_ja_0012,2020-10-25,Pemkab Tulungagung Siapkan Rp 15 Miliar untuk Penanganan Covid-19,Jawa Pos,https://www.jawapos.com/jpg-today/25/10/2020/pemkab-tulungagung-siapkan-rp-15-miliar-untuk-penanganan-covid-19/
2020-10-25_ja_0013,2020-10-25,Wujudkan Masyarakat Sehat dan Sejahtera,Jawa Pos,https://radarmadura.jawapos.com/read/2020/10/25/221117/wujudkan-masyarakat-sehat-dan-sejahtera
2020-10-25_ja_0014,2020-10-25,Polri Janji Ungkap Peredaran Senjata Api Ilegal di Papua,Jawa Pos,https://www.jawapos.com/nasional/hukum-kriminal/25/10/2020/polri-janji-ungkap-peredaran-senjata-api-ilegal-di-papua/
2020-10-25_ja_0015,2020-10-25,Besok Operasi Zebra Lancang Kuning Digelar,Jawa Pos,https://riaupos.jawapos.com/riau/25/10/2020/240366/besok-operasi-zebra-lancang-kuning-digelar.html
2020-10-25_ja_0016,2020-10-25,"Sumpah Pemuda, Skutik Honda Tawarkan Promo Hemat",Jawa Pos,https://baliexpress.jawapos.com/read/2020/10/25/221116/sumpah-pemuda-skutik-honda-tawarkan-promo-hemat
2020-10-25_ja_0017,2020-10-25,TERUNGKAP! Jambret Spesialis Turis Asing Beraksi 16 Kali di Kuta Utara,Jawa Pos,https://radarbali.jawapos.com/read/2020/10/25/221070/terungkap-jambret-spesialis-turis-asing-beraksi-16-kali-di-kuta-utara
2020-10-25_ja_0018,2020-10-25,Pasca Banjir Bojong Kulur Bogor,Jawa Pos,https://www.jawapos.com/photo/pasca-banjir-bojong-kulur-bogor/
2020-10-25_ja_0019,2020-10-25,"Sopir Ngantuk, Pikap Hantam Avanza Parkir",Jawa Pos,https://baliexpress.jawapos.com/read/2020/10/25/221115/sopir-ngantuk-pikap-hantam-avanza-parkir
2020-10-25_ja_0020,2020-10-25,Wali Kota Kediri Ingatkan Pentingnya Jaga Toleransi Beragama,Jawa Pos,https://www.jawapos.com/jpg-today/25/10/2020/wali-kota-kediri-ingatkan-pentingnya-jaga-toleransi-beragama/
2020-10-25_ja_0021,2020-10-25,Lewis Hamilton Pecahkan Rekor Menang Terbanyak Michael Schumacher,Jawa Pos,https://www.jawapos.com/sports/25/10/2020/lewis-hamilton-pecahkan-rekor-menang-terbanyak-michael-schumacher/
2020-10-25_ja_0022,2020-10-25,"Habis Kerokan, Sopir Taksi Tewas di Kamar",Jawa Pos,https://baliexpress.jawapos.com/read/2020/10/25/221114/habis-kerokan-sopir-taksi-tewas-di-kamar
2020-10-25_ja_0023,2020-10-25,"Konsumsi Suplemen, Minum Rempah, hingga Vitamin",Jawa Pos,https://radarkudus.jawapos.com/read/2020/10/25/221112/konsumsi-suplemen-minum-rempah-hingga-vitamin
2020-10-25_ja_0024,2020-10-25,Rektor PU: Peluang Unik di Tengah Pandemi Covid-19,Jawa Pos,https://www.jawapos.com/nasional/pendidikan/25/10/2020/rektor-pu-peluang-unik-di-tengah-pandemi-covid-19/
2020-10-25_ja_0025,2020-10-25,Juara Dunia Pencak Silat Jadi Tukang Suwun di Pasar Badung,Jawa Pos,https://baliexpress.jawapos.com/read/2020/10/25/221111/juara-dunia-pencak-silat-jadi-tukang-suwun-di-pasar-badung
2020-10-25_ja_0026,2020-10-25,KPU Kota Medan Simulasi E-Rekap Penghitungan Suara,Jawa Pos,https://www.jawapos.com/jpg-today/25/10/2020/kpu-kota-medan-simulasi-e-rekap-penghitungan-suara/
2020-10-25_ja_0027,2020-10-25,Ulama Sebut Bisnis Prostitusi Daring Marak selama Pandemi Covid-19,Jawa Pos,https://www.jawapos.com/jpg-today/25/10/2020/ulama-sebut-bisnis-prostitusi-daring-marak-selama-pandemi-covid-19/
2020-10-25_ja_0028,2020-10-25,"171 Orang Sembuh, Warga Diimbau Tetap Konsisten Protokol Kesehatan",Jawa Pos,https://padek.jawapos.com/kesehatan/25/10/2020/171-orang-sembuh-warga-diimbau-tetap-konsisten-protokol-kesehatan/
2020-10-25_ja_0029,2020-10-25,MSWP Jembrana Bulatkan Tekad Dukung Paket Bangsa,Jawa Pos,https://baliexpress.jawapos.com/read/2020/10/25/221110/mswp-jembrana-bulatkan-tekad-dukung-paket-bangsa
2020-10-25_ja_0030,2020-10-25,Polda Riau Sita 36 Kg Sabu-Sabu dalam Dua Pekan,Jawa Pos,https://www.jawapos.com/nasional/hukum-kriminal/25/10/2020/polda-riau-sita-36-kg-sabu-sabu-dalam-dua-pekan/
2020-10-25_ja_0031,2020-10-25,"Rakerda 2020, PERTUNI Jatim Bangun Mental Penyandang Tunanetra",Jawa Pos,https://radarmadura.jawapos.com/read/2020/10/25/221109/rakerda-2020-pertuni-jatim-bangun-mental-penyandang-tunanetra
2020-10-25_ja_0032,2020-10-25,Modis dengan Off-Shoulder ala Bintang Korea,Jawa Pos,https://radarkudus.jawapos.com/read/2020/10/25/221104/modis-dengan-off-shoulder-ala-bintang-korea
2020-10-25_ja_0033,2020-10-25,"Tak Tersentuh BLT, Staf Desa Cempaga Potong Gaji, Bagi-bagi ke Warga",Jawa Pos,https://radarbali.jawapos.com/read/2020/10/25/221057/tak-tersentuh-blt-staf-desa-cempaga-potong-gaji-bagi-bagi-ke-warga
2020-10-25_ja_0034,2020-10-25,"Perkuat Peran Niniak Mamak, Mulyadi Fasilitasi Balai Adat di Nagari",Jawa Pos,https://padek.jawapos.com/politik/25/10/2020/perkuat-peran-niniak-mamak-mulyadi-fasilitasi-balai-adat-di-nagari/
2020-10-25_ja_0035,2020-10-25,"Cekikan di Ronde Kedua, Petarung Indonesia Catat Enam Menang Beruntun",Jawa Pos,https://www.jawapos.com/sports/25/10/2020/cekikan-di-ronde-kedua-petarung-indonesia-catat-enam-menang-beruntun/
2020-10-25_ja_0036,2020-10-25,Dana-Dipa Janji Cegah Kebocoran Pajak Galian C,Jawa Pos,https://baliexpress.jawapos.com/read/2020/10/25/221102/dana-dipa-janji-cegah-kebocoran-pajak-galian-c
2020-10-25_ja_0037,2020-10-25,Gunung Sinabung Luncurkan Awan Panas Sejauh 1.500 Meter,Jawa Pos,https://www.jawapos.com/jpg-today/25/10/2020/gunung-sinabung-luncurkan-awan-panas-sejauh-1-500-meter/
2020-10-25_ja_0038,2020-10-25,Swedia Larang Huawei dan ZTE Beroperasi di Negaranya,Jawa Pos,https://www.jawapos.com/oto-dan-tekno/teknologi/25/10/2020/swedia-larang-huawei-dan-zte-beroperasi-di-negaranya/
2020-10-25_ja_0039,2020-10-25,"Mir di Puncak, Tapi Kans Juara Dunia Quartararo dan Vinales Juga Besar",Jawa Pos,https://www.jawapos.com/sports/25/10/2020/mir-di-puncak-tapi-kans-juara-dunia-quartararo-dan-vinales-juga-besar/
2020-10-25_ja_0040,2020-10-25,"Bulan Ini, Warga Solo Mulai Rasakan Penurunan Tarif Dasar Listrik",Jawa Pos,https://radarsolo.jawapos.com/read/2020/10/25/221100/bulan-ini-warga-solo-mulai-rasakan-penurunan-tarif-dasar-listrik
2020-10-25_ja_0041,2020-10-25,”Penunggu” Tunjukkan Eksistensi Jelang Senja di Rumdin Sekda Gresik,Jawa Pos,https://www.jawapos.com/surabaya/25/10/2020/penunggu-tunjukkan-eksistensi-jelang-senja-di-rumdin-sekda-gresik/
2020-10-25_ja_0042,2020-10-25,"Mobil Ditabrak, Vokalis Band “Lolot” Sempat Syok",Jawa Pos,https://baliexpress.jawapos.com/read/2020/10/25/221099/mobil-ditabrak-vokalis-band-lolot-sempat-syok
2020-10-25_ja_0043,2020-10-25,Jaga Daya Tahan Tubuh dengan Empon-empon Ramuan Simbah,Jawa Pos,https://radarkudus.jawapos.com/read/2020/10/25/221098/jaga-daya-tahan-tubuh-dengan-empon-empon-ramuan-simbah
2020-10-25_ja_0044,2020-10-25,292 Peserta Ikuti Yudisium Sarjana FISH Unipa Surabaya,Jawa Pos,https://radarsurabaya.jawapos.com/read/2020/10/25/221097/292-peserta-ikuti-yudisium-sarjana-fish-unipa-surabaya
2020-10-25_ja_0045,2020-10-25,"Jukung Dihantam Ombak, Enam Orang Nyaris Tenggelam",Jawa Pos,https://baliexpress.jawapos.com/read/2020/10/25/221095/jukung-dihantam-ombak-enam-orang-nyaris-tenggelam
2020-10-25_ja_0046,2020-10-25,"Terus Mengedukasi, Pegadaian Ajak Masyarakat Menabung Emas",Jawa Pos,https://radarsurabaya.jawapos.com/read/2020/10/25/221094/terus-mengedukasi-pegadaian-ajak-masyarakat-menabung-emas
2020-10-25_ja_0047,2020-10-25,Pacu Adrenalin Sambil Nyantai Bareng Keluarga di Wisata Gua Pancur,Jawa Pos,https://radarkudus.jawapos.com/read/2020/10/25/221093/pacu-adrenalin-sambil-nyantai-bareng-keluarga-di-wisata-gua-pancur
2020-10-25_ja_0048,2020-10-25,Kader Demokrat Harus Jadi Ujung Tombak Pemenangan HK,Jawa Pos,https://riaupos.jawapos.com/kuantan-singingi/25/10/2020/240365/kader-demokrat-harus-jadi-ujung-tombak-pemenangan-hk.html
2020-10-25_ja_0049,2020-10-25,Ganjil Genap di Jakarta Tetap Ditiadakan Selama PSBB Transisi,Jawa Pos,https://www.jawapos.com/jabodetabek/25/10/2020/ganjil-genap-di-jakarta-tetap-ditiadakan-selama-psbb-transisi/
2020-10-25_ja_0050,2020-10-25,Mursini-Indra Putra Silaturahmi dengan Masyarakat Kari,Jawa Pos,https://riaupos.jawapos.com/kuantan-singingi/25/10/2020/240364/mursiniindra-putra-silaturahmi-dengan-masyarakat-kari.html
2020-10-25_ja_0051,2020-10-25,"Dahsyat, Start Ke-12, Finis Ke-3, Joan Mir: Ini Bagaikan Kemenangan",Jawa Pos,https://www.jawapos.com/sports/25/10/2020/dahsyat-start-ke-12-finis-ke-3-joan-mir-ini-bagaikan-kemenangan/
2020-10-25_ja_0052,2020-10-25,"Libatkan Pecalang untuk Operasi Skala Besar, Akademisi: Apa Urgensinya",Jawa Pos,https://radarbali.jawapos.com/read/2020/10/25/221069/libatkan-pecalang-untuk-operasi-skala-besar-akademisi-apa-urgensinya
2020-10-25_ja_0053,2020-10-25,Disiram Seminggu Sekali,Jawa Pos,https://radartulungagung.jawapos.com/read/2020/10/25/221007/disiram-seminggu-sekali
2020-10-25_ja_0054,2020-10-25,Besok Masuk Riau Wajib Rapid Test,Jawa Pos,https://riaupos.jawapos.com/riau/25/10/2020/240363/besok-masuk-riau-wajib-rapid-test.html
2020-10-25_ja_0055,2020-10-25,"Bertanam Markisa Jumbo, Buah Langka Asal Amerika",Jawa Pos,https://www.jawapos.com/hobi-kesenangan/25/10/2020/bertanam-markisa-jumbo-buah-langka-asal-amerika/
2020-10-25_ja_0056,2020-10-25,"Camilan Gurih Walang Goreng, Cocok Jadi Teman Santai Bersama Keluarga",Jawa Pos,https://radarkudus.jawapos.com/read/2020/10/25/221090/camilan-gurih-walang-goreng-cocok-jadi-teman-santai-bersama-keluarga
2020-10-25_ja_0057,2020-10-25,Kokodema  Teknik Menanam dari Jepang,Jawa Pos,https://radartulungagung.jawapos.com/read/2020/10/25/221006/kokodema-teknik-menanam-dari-jepang
2020-10-25_ja_0058,2020-10-25,"UN Bakal Diganti AN, P2G: Belum Ada Sosialisasinya",Jawa Pos,https://www.jawapos.com/nasional/pendidikan/25/10/2020/un-bakal-diganti-an-p2g-belum-ada-sosialisasinya/
2020-10-25_ja_0059,2020-10-25,Smart City di Badung Sudah di Level Impact,Jawa Pos,https://baliexpress.jawapos.com/read/2020/10/25/221089/smart-city-di-badung-sudah-di-level-impact
2020-10-25_ja_0060,2020-10-25,"Bertemu Lanyalla, Kripik Singkong Lumba-Lumba Curhat soal Pemasaran",Jawa Pos,https://padek.jawapos.com/bisnis/25/10/2020/bertemu-lanyalla-kripik-singkong-lumba-lumba-curhat-soal-pemasaran/
2020-10-25_ja_0061,2020-10-25,Komunitas Gereja se-Surabaya Antar Paslon MAJU Menuju ke Balai Kota,Jawa Pos,https://radarsurabaya.jawapos.com/read/2020/10/25/221088/komunitas-gereja-se-surabaya-antar-paslon-maju-menuju-ke-balai-kota
2020-10-25_ja_0062,2020-10-25,"Tampil Dominan, Bintang Petronas Yamaha Franco Morbidelli Jadi Juara",Jawa Pos,https://www.jawapos.com/sports/25/10/2020/tampil-dominan-bintang-petronas-yamaha-franco-morbidelli-jadi-juara/
2020-10-25_ja_0063,2020-10-25,"Hobi Gowes Sepeda, Amin Suyitno Touring Kudus-NTT selama Sebulan",Jawa Pos,https://radarkudus.jawapos.com/read/2020/10/25/221087/hobi-gowes-sepeda-amin-suyitno-touring-kudus-ntt-selama-sebulan
2020-10-25_ja_0064,2020-10-25,"Selain Bade Roboh, Warga Desa Keliki Tewas Gantung Diri di Tegalan",Jawa Pos,https://baliexpress.jawapos.com/read/2020/10/25/221086/selain-bade-roboh-warga-desa-keliki-tewas-gantung-diri-di-tegalan
2020-10-25_ja_0065,2020-10-25,"Modern Japanese House ala Nita-Nausa, Elemen Kayu dan Hangat",Jawa Pos,https://www.jawapos.com/arsitektur-dan-desain/25/10/2020/modern-japanese-house-ala-nita-nausa-elemen-kayu-dan-hangat/
2020-10-25_ja_0066,2020-10-25,Operasi Yustisi Sasar hingga Pelosok Daerah,Jawa Pos,https://riaupos.jawapos.com/pekanbaru/25/10/2020/240361/operasi-yustisi-sasar-hingga-pelosok-daerah.html
2020-10-25_ja_0067,2020-10-25,Nyetel Nada Cukup Pakai Feeling,Jawa Pos,https://radarkudus.jawapos.com/read/2020/10/25/221085/nyetel-nada-cukup-pakai-feeling
2020-10-25_ja_0068,2020-10-25,"Antisipasi Aksi Premanisme, Polsek Ubud Patroli Pasar",Jawa Pos,https://baliexpress.jawapos.com/read/2020/10/25/221084/antisipasi-aksi-premanisme-polsek-ubud-patroli-pasar
2020-10-25_ja_0069,2020-10-25, Benny dan Heru Divonis Pantas Dihukum Seumur Hidup,Jawa Pos,https://www.jawapos.com/nasional/hukum-kriminal/25/10/2020/pakar-benny-dan-heru-divonis-pantas-dihukum-seumur-hidup/
2020-10-25_ja_0070,2020-10-25,"Tepergok Bobol Warung, Kabur Tinggalkan Motor, Warga Tabanan Dibekuk",Jawa Pos,https://radarbali.jawapos.com/read/2020/10/25/221067/tepergok-bobol-warung-kabur-tinggalkan-motor-warga-tabanan-dibekuk
2020-10-25_ja_0071,2020-10-25,Pedang Air Mata,Jawa Pos,https://www.jawapos.com/minggu/talijiwo-sudjiwo-sedjo/25/10/2020/pedang-air-mata/
2020-10-25_ja_0072,2020-10-25,Selama Pandemi Transaksi QRIS BSM Naik 16 Persen,Jawa Pos,https://padek.jawapos.com/bisnis/25/10/2020/selama-pandemi-transaksi-qris-bsm-naik-16-persen/
2020-10-25_ja_0073,2020-10-25,Masih Ada yang Belum Patuh 3M meski Disiplin Pakai Masker sudah Tinggi,Jawa Pos,https://www.jawapos.com/nasional/25/10/2020/masih-ada-yang-belum-patuh-3m-meski-disiplin-pakai-masker-sudah-tinggi/
2020-10-25_ja_0074,2020-10-25,Tionghoa dalam Sumpah Pemuda,Jawa Pos,https://www.jawapos.com/minggu/halte/25/10/2020/tionghoa-dalam-sumpah-pemuda/
2020-10-25_ja_0075,2020-10-25,"Apple Masih Juara, Samsung Terpental Lagi",Jawa Pos,https://www.jawapos.com/oto-dan-tekno/gadget/25/10/2020/apple-masih-juara-samsung-terpental-lagi/
2020-10-25_ja_0076,2020-10-25,"Merawat Lukisan, Menjaga Peradaban",Jawa Pos,https://www.jawapos.com/art-space/seni-rupa/25/10/2020/merawat-lukisan-menjaga-peradaban/
2020-10-25_ja_0077,2020-10-25,Bank bjb Raih Penghargaan The Strongest Regional Bank,Jawa Pos,https://baliexpress.jawapos.com/read/2020/10/25/221082/bank-bjb-raih-penghargaan-the-strongest-regional-bank
2020-10-25_ja_0078,2020-10-25,VAP Resmikan Sekretariat SGR – NAP Desa Laikit,Jawa Pos,https://manadopost.jawapos.com/minahasa-raya/minahasa-utara/25/10/2020/vap-resmikan-sekretariat-sgr-nap-desa-laikit/
2020-10-25_ja_0079,2020-10-25,Sosiologi Poetika dalam Tubuh Rajah,Jawa Pos,https://riaupos.jawapos.com/seni-budaya/25/10/2020/240320/sosiologi-poetika-dalam-tubuh-rajah.html
2020-10-25_ja_0080,2020-10-25,"Perkuat Multilateralisme, Selesaikan Berbagai Konflik Antarnegara",Jawa Pos,https://padek.jawapos.com/internasional/25/10/2020/perkuat-multilateralisme-selesaikan-berbagai-konflik-antarnegara/
2020-10-25_ja_0081,2020-10-25,Jangan Lupa Bahagia,Jawa Pos,https://www.jawapos.com/minggu/halte/25/10/2020/jangan-lupa-bahagia/
2020-10-25_ja_0082,2020-10-25,"Tambah 3.732 Kasus Covid-19, DKI Jakarta Sumbang 771 Pasien Baru",Jawa Pos,https://www.jawapos.com/nasional/25/10/2020/tambah-3-732-kasus-covid-19-dki-jakarta-sumbang-771-pasien-baru/
2020-10-25_ja_0083,2020-10-25,DJ Yasmin Nggak Lagi Full-Time Nge-DJ,Jawa Pos,https://www.jawapos.com/entertainment/25/10/2020/dj-yasmin-nggak-lagi-full-time-nge-dj/
2020-10-25_ja_0084,2020-10-25,Polda Sumbar Imbau Masyarakat yang Mau Liburan Tetap Ikuti Prokes,Jawa Pos,https://padek.jawapos.com/sumbar/25/10/2020/polda-sumbar-imbau-masyarakat-yang-mau-liburan-tetap-ikuti-prokes/
2020-10-25_ja_0085,2020-10-25,"Jambret Bule Cantik Asal Rusia, Spesialis Jambret Warga Asing Diciduk",Jawa Pos,https://radarbali.jawapos.com/read/2020/10/25/221062/jambret-bule-cantik-asal-rusia-spesialis-jambret-warga-asing-diciduk
2020-10-25_ja_0086,2020-10-25,Pembangunan Jalan Pulaupunjung-Timpeh Perpendek Jarak Tempuh Warga,Jawa Pos,https://padek.jawapos.com/sumbar/dharmasraya/25/10/2020/pembangunan-jalan-pulaupunjung-timpeh-perpendek-jarak-tempuh-warga/
2020-10-25_ja_0087,2020-10-25,Eri Cahyadi Akan Bentuk Generasi Toleran sejak Dini di Sekolah,Jawa Pos,https://www.jawapos.com/surabaya/25/10/2020/eri-cahyadi-akan-bentuk-generasi-toleran-sejak-dini-di-sekolah/
2020-10-25_ja_0088,2020-10-25,"Beraksi di  16 TKP, Jambret Kawakan Dibekuk Polsek Kuta Utara",Jawa Pos,https://baliexpress.jawapos.com/read/2020/10/25/221080/beraksi-di-16-tkp-jambret-kawakan-dibekuk-polsek-kuta-utara
2020-10-25_ja_0089,2020-10-25,"Buka Lomba Layang-layang, Pariyanto: Berlagalah dengan Sportif",Jawa Pos,https://padek.jawapos.com/sumbar/dharmasraya/25/10/2020/buka-lomba-layang-layang-pariyanto-berlagalah-dengan-sportif/
2020-10-25_ja_0090,2020-10-25,Satgas K5 Birobuli Selatan Amankan 12 Orang Berbuat Mesum,Jawa Pos,https://www.jawapos.com/nasional/hukum-kriminal/25/10/2020/satgas-k5-birobuli-selatan-amankan-12-orang-berbuat-mesum/
2020-10-25_ja_0091,2020-10-25,Bade Setinggi 20 Meter Roboh Timpa Rumah Warga di Keliki Tegallalang,Jawa Pos,https://baliexpress.jawapos.com/read/2020/10/25/221078/bade-setinggi-20-meter-roboh-timpa-rumah-warga-di-keliki-tegallalang
2020-10-25_ja_0092,2020-10-25,Beberapa Usulan Perubahan Terkait Pergelaran NBA 2020-2021,Jawa Pos,https://www.jawapos.com/sports/25/10/2020/beberapa-usulan-perubahan-terkait-pergelaran-nba-2020-2021/
2020-10-25_ja_0093,2020-10-25,"Siapopun yang Monang, Harus Didukung",Jawa Pos,https://riaupos.jawapos.com/rokan-hilir/25/10/2020/240324/siapopun-yang-monang-harus-didukung.html
2020-10-25_ja_0094,2020-10-25,Aryn Williams Beralih dari Lapangan Sepak Bola ke Lapangan Golf,Jawa Pos,https://www.jawapos.com/sepak-bola/sepak-bola-indonesia/25/10/2020/aryn-williams-beralih-dari-lapangan-sepak-bola-ke-lapangan-golf/
2020-10-25_ja_0095,2020-10-25,Covid-19 Mulai Masuk Kabupaten Asmat,Jawa Pos,https://www.jawapos.com/jpg-today/25/10/2020/covid-19-mulai-masuk-kabupaten-asmat/
2020-10-25_ja_0096,2020-10-25,"Drh Zuli Masfufah: Kenalkan Kucing Pakan Basah, Baru Pakan Kering",Jawa Pos,https://www.jawapos.com/hobi-kesenangan/25/10/2020/drh-zuli-masfufah-kenalkan-kucing-pakan-basah-baru-pakan-kering/
2020-10-25_ja_0097,2020-10-25,"Rutin Rapid dan PCR Test, Ini Harapan Terakhir Coach Teco untuk Liga 1",Jawa Pos,https://radarbali.jawapos.com/read/2020/10/25/221058/rutin-rapid-dan-pcr-test-ini-harapan-terakhir-coach-teco-untuk-liga-1
2020-10-25_ja_0098,2020-10-25,Race Ini Adalah Kesempatan Terbesar Takaaki Nakagami untuk Bersinar,Jawa Pos,https://www.jawapos.com/sports/25/10/2020/race-ini-adalah-kesempatan-terbesar-takaaki-nakagami-untuk-bersinar/
2020-10-25_ja_0099,2020-10-25,Bu Nyai Panjatkan Doa Kemenangan Eri Cahyadi di Kampung Masa Kecilnya,Jawa Pos,https://www.jawapos.com/surabaya/25/10/2020/bu-nyai-panjatkan-doa-kemenangan-eri-cahyadi-di-kampung-masa-kecilnya/
2020-10-25_ja_0100,2020-10-25,"Normal Baru, Tarik Pelancong Luar Kota",Jawa Pos,https://radarkediri.jawapos.com/read/2020/10/25/221075/normal-baru-tarik-pelancong-luar-kota
2020-10-25_ja_0101,2020-10-25,Bekuk Penjarah Bong Cino Klotok,Jawa Pos,https://radarkediri.jawapos.com/read/2020/10/25/221074/bekuk-penjarah-bong-cino-klotok
2020-10-25_ja_0102,2020-10-25,Jangan Gampang Gagal Paham,Jawa Pos,https://radarkediri.jawapos.com/read/2020/10/25/221073/jangan-gampang-gagal-paham
2020-10-25_ja_0103,2020-10-25,Mencari Solusi Penggundulan Hutan,Jawa Pos,https://radarkediri.jawapos.com/read/2020/10/25/221072/mencari-solusi-penggundulan-hutan
2020-10-25_ja_0104,2020-10-25,Kedepankan Operasi Kemanusiaan,Jawa Pos,https://riaupos.jawapos.com/riau/25/10/2020/240323/kedepankan-operasi-kemanusiaan.html
2020-10-25_ja_0105,2020-10-25,Mufakat Memakmurkan Banyuwangi,Jawa Pos,https://radarbanyuwangi.jawapos.com/read/2020/10/25/221071/mufakat-memakmurkan-banyuwangi
2020-10-25_ja_0106,2020-10-25,Penerapan Protokol Kesehatan Mulai Kendur,Jawa Pos,https://riaupos.jawapos.com/riau/25/10/2020/240347/penerapan-protokol-kesehatan-mulai-kendur.html
2020-10-25_ja_0107,2020-10-25,Gereja Mawar Sharon Terima Kedatangan Dua Cawali Surabaya,Jawa Pos,https://www.jawapos.com/surabaya/25/10/2020/gereja-mawar-sharon-terima-kedatangan-dua-cawali-surabaya/
2020-10-25_ja_0108,2020-10-25,"Eks Kapten Persebaya: Sebagai Pemain Sepak Bola, Saya Merasa Aneh",Jawa Pos,https://www.jawapos.com/sepak-bola/sepak-bola-indonesia/25/10/2020/eks-kapten-persebaya-sebagai-pemain-sepak-bola-saya-merasa-aneh/
2020-10-25_ja_0109,2020-10-25,Tantangan Membuat Anis Merah Berkicau dan Teler: Kendalikan Berahi,Jawa Pos,https://www.jawapos.com/hobi-kesenangan/25/10/2020/tantangan-membuat-anis-merah-berkicau-dan-teler-kendalikan-berahi/
2020-10-25_ja_0110,2020-10-25,Panen Lobster dan Lepas Biota Hasil Riset,Jawa Pos,https://radarbanyuwangi.jawapos.com/read/2020/10/25/221068/panen-lobster-dan-lepas-biota-hasil-riset
2020-10-25_ja_0111,2020-10-25,"Bertemu LaNyalla, Pengusaha Keluhkan Kenaikan Cukai dan Rokok Ilegal",Jawa Pos,https://padek.jawapos.com/bisnis/25/10/2020/bertemu-lanyalla-pengusaha-keluhkan-kenaikan-cukai-dan-rokok-ilegal/
2020-10-25_ja_0112,2020-10-25,Darul Siska Salurkan Bantuan Pangan Kepada 10.000 Relawan Covid-19,Jawa Pos,https://padek.jawapos.com/sumbar/25/10/2020/darul-siska-salurkan-bantuan-pangan-kepada-10-000-relawan-covid-19/
2020-10-25_ja_0113,2020-10-25,Posisi Sulit Pebulu Tangkis Indonesia di Turnamen Puncak Akhir Tahun,Jawa Pos,https://www.jawapos.com/sports/25/10/2020/posisi-sulit-pebulu-tangkis-indonesia-di-turnamen-puncak-akhir-tahun/
2020-10-25_ja_0114,2020-10-25,Warga Solo Mulai Rasakan Penurunan Tarif Dasar Listrik,Jawa Pos,https://radarsolo.jawapos.com/read/2020/10/25/221066/warga-solo-mulai-rasakan-penurunan-tarif-dasar-listrik
2020-10-25_ja_0115,2020-10-25,Warga Girpasang Kini Akses Internet Gratis,Jawa Pos,https://radarsolo.jawapos.com/read/2020/10/25/221065/warga-girpasang-kini-akses-internet-gratis
2020-10-25_ja_0116,2020-10-25, Dia Ketemu Saya Pas Saya Lagi Susah,Jawa Pos,https://www.jawapos.com/entertainment/infotainment/25/10/2020/kevin-dia-ketemu-saya-pas-saya-lagi-susah/
2020-10-25_ja_0117,2020-10-25,Sosialisasi Adaptasi Kebiasaan Baru,Jawa Pos,https://riaupos.jawapos.com/indragiri-hulu/25/10/2020/240322/sosialisasi-adaptasi-kebiasaan-baru.html
2020-10-25_ja_0118,2020-10-25,Ungkapan Perasaan Kevin Aprilio Setelah Menikahi Vicy Melanie,Jawa Pos,https://www.jawapos.com/entertainment/infotainment/25/10/2020/ungkapan-perasaan-kevin-aprilio-setelah-menikahi-vicy-melanie/
2020-10-25_ja_0119,2020-10-25,Gelar Workshop Program Penguatan Budaya Kerja 2020,Jawa Pos,https://radarbanyuwangi.jawapos.com/read/2020/10/25/221063/gelar-workshop-program-penguatan-budaya-kerja-2020
2020-10-25_ja_0120,2020-10-25,Suharso Deklarasi Maju Jadi Ketum di Muktamar IX PPP,Jawa Pos,https://www.jawapos.com/nasional/politik/25/10/2020/suharso-deklarasi-maju-jadi-ketum-di-muktamar-ix-ppp/
2020-10-25_ja_0121,2020-10-25,Tuangkan Kasih Sayang ke Anjing lewat Latihan Ketangkasan,Jawa Pos,https://www.jawapos.com/hobi-kesenangan/25/10/2020/tuangkan-kasih-sayang-ke-anjing-lewat-latihan-ketangkasan/
2020-10-25_ja_0122,2020-10-25,Kebakaran Ruang Panel di Pasaraya Manggarai Berhasil Dipadamkan,Jawa Pos,https://www.jawapos.com/jabodetabek/25/10/2020/kebakaran-ruang-panel-di-pasaraya-manggarai-berhasil-dipadamkan/
2020-10-25_ja_0123,2020-10-25,Ini Tip Hemat Kuota Data Internet selama Pandemi Covid-19,Jawa Pos,https://www.jawapos.com/oto-dan-tekno/25/10/2020/ini-tip-hemat-kuota-data-internet-selama-pandemi-covid-19/
2020-10-25_ja_0124,2020-10-25,"“Milenial Bersuara”, Ipuk Fiestiandani: Ini Model Musrenbang Anak Muda",Jawa Pos,https://radarbanyuwangi.jawapos.com/read/2020/10/25/221061/milenial-bersuara-ipuk-fiestiandani-ini-model-musrenbang-anak-muda
2020-10-25_ja_0125,2020-10-25,"Xiaomi Kurangi 60 Persen Plastik di Boksnya, Tapi Tetap Ada Charger",Jawa Pos,https://www.jawapos.com/oto-dan-tekno/gadget/25/10/2020/xiaomi-kurangi-60-persen-plastik-di-boksnya-tapi-tetap-ada-charger/
2020-10-25_ja_0126,2020-10-25,Sekar Jagat Lulur Tradisional Luncurkan Rejang Sri Sedana,Jawa Pos,https://radarbali.jawapos.com/read/2020/10/25/221060/sekar-jagat-lulur-tradisional-luncurkan-rejang-sri-sedana
2020-10-25_ja_0127,2020-10-25,Puluhan Pelanggar Protokol Kesehatan Terjaring Razia,Jawa Pos,https://riaupos.jawapos.com/pekanbaru/25/10/2020/240329/puluhan-pelanggar-protokol-kesehatan-terjaring-razia.html
2020-10-25_ja_0128,2020-10-25,Pasien Covid-19 Bisa Alami Efek Jangka Panjang Selama 1-3 Bulan,Jawa Pos,https://www.jawapos.com/kesehatan/25/10/2020/pasien-covid-19-bisa-alami-efek-jangka-panjang-selama-1-3-bulan/
2020-10-25_ja_0129,2020-10-25,"Masih Bagi Kuota Umum dan Kuota Belajar, Kemendikbud Panen Kritik",Jawa Pos,https://www.jawapos.com/nasional/pendidikan/25/10/2020/masih-bagi-kuota-umum-dan-kuota-belajar-kemendikbud-panen-kritik/
2020-10-25_ja_0130,2020-10-25,Pesona Ikan Oscar yang Tak Pernah Pudar,Jawa Pos,https://www.jawapos.com/hobi-kesenangan/25/10/2020/pesona-ikan-oscar-yang-tak-pernah-pudar/
2020-10-25_ja_0131,2020-10-25,"Didik Nini Thowok: Serbasulit saat Pandemi, Terbantu Job Daring",Jawa Pos,https://www.jawapos.com/art-space/25/10/2020/didik-nini-thowok-serbasulit-saat-pandemi-terbantu-job-daring/
2020-10-25_ja_0132,2020-10-25,"Beredar Render Pertama Galaxy S21 dan S21 Ultra, Bagian Kamera Berubah",Jawa Pos,https://www.jawapos.com/oto-dan-tekno/gadget/25/10/2020/beredar-render-pertama-galaxy-s21-dan-s21-ultra-bagian-kamera-berubah/
2020-10-25_ja_0133,2020-10-25,"Inovatif, Mohon SKCK Lewat Ojol, Hasilnya Diantar ke Rumah",Jawa Pos,https://radarbali.jawapos.com/read/2020/10/25/221055/inovatif-mohon-skck-lewat-ojol-hasilnya-diantar-ke-rumah
2020-10-25_ja_0134,2020-10-25,"Desainer Yeny Ries, Dari Sepedaan Jadi Kreasi Pekerjaan",Jawa Pos,https://www.jawapos.com/hobi-kesenangan/25/10/2020/desainer-yeny-ries-dari-sepedaan-jadi-kreasi-pekerjaan/
2020-10-25_ja_0135,2020-10-25,Rekreasi dan Re-Kreasi dengan Kaki Kata,Jawa Pos,https://www.jawapos.com/minggu/buku/25/10/2020/rekreasi-dan-re-kreasi-dengan-kaki-kata/
2020-10-25_ja_0136,2020-10-25,"Dua Kali Disikat Petinju Thailand, Bangkit, dan Jadi Juara Dunia Lagi",Jawa Pos,https://www.jawapos.com/sports/25/10/2020/dua-kali-disikat-petinju-thailand-bangkit-dan-jadi-juara-dunia-lagi/
2020-10-25_ja_0137,2020-10-25,"Pandemi Korbankan 141 Nyawa Dokter, Tenaga Kesehatan Juga Dilecehkan",Jawa Pos,https://www.jawapos.com/nasional/25/10/2020/pandemi-korbankan-141-nyawa-dokter-tenaga-kesehatan-juga-dilecehkan/
2020-10-25_ja_0138,2020-10-25,Hujan Pertama dari Kampung Kafir,Jawa Pos,https://www.jawapos.com/minggu/cerpen/25/10/2020/hujan-pertama-dari-kampung-kafir/
2020-10-25_ja_0139,2020-10-25,"E-Resep, Jaminan Keakuratan dan Kecepatan Pemberian Obat",Jawa Pos,https://www.jawapos.com/kesehatan/25/10/2020/e-resep-jaminan-keakuratan-dan-kecepatan-pemberian-obat/
2020-10-25_ja_0140,2020-10-25,Royal Enfield Kenalkan Layanan Kustom Motor Hanya Lewat Aplikasi,Jawa Pos,https://www.jawapos.com/oto-dan-tekno/otomotif/25/10/2020/royal-enfield-kenalkan-layanan-kustom-motor-hanya-lewat-aplikasi/
2020-10-25_ja_0141,2020-10-25,Bagaimana Cara Memulai Investasi di Pasar Modal?,Jawa Pos,https://www.jawapos.com/ekonomi/finance/25/10/2020/bagaimana-cara-memulai-investasi-di-pasar-modal/
2020-10-25_ja_0142,2020-10-25,Sajak Kunni Masrohanti,Jawa Pos,https://www.jawapos.com/art-space/sajak/25/10/2020/sajak-kunni-masrohanti/
2020-10-25_ja_0143,2020-10-25,Tren Henna Art Dipadukan Gaya Lokal,Jawa Pos,https://radarsolo.jawapos.com/read/2020/10/25/221022/tren-henna-art-dipadukan-gaya-lokal
2020-10-25_ja_0144,2020-10-25,"Saudi Siap Buka Umrah, Bagaimana Jika Indonesia Diizinkan?",Jawa Pos,https://www.jawapos.com/internasional/25/10/2020/saudi-siap-buka-umrah-bagaimana-jika-indonesia-diizinkan/
2020-10-25_ja_0145,2020-10-25,"Kotau, Jalan Kunni Balek ke Hulu",Jawa Pos,https://riaupos.jawapos.com/seni-budaya/25/10/2020/240316/kotau-jalan-kunni-balek-ke-hulu.html
2020-10-25_ja_0146,2020-10-25,"Promo Single Baru, Ariana Grande Tampil dengan Gaya Vintage 1960-an",Jawa Pos,https://www.jawapos.com/entertainment/music-movie/25/10/2020/promo-single-baru-ariana-grande-tampil-dengan-gaya-vintage-1960-an/
2020-10-25_ja_0147,2020-10-25,Wakil Ketua MPR Dorong Mahkamah Kehormatan Majelis Segera Dibentuk,Jawa Pos,https://www.jawapos.com/nasional/25/10/2020/wakil-ketua-mpr-dorong-mahkamah-kehormatan-majelis-segera-dibentuk/
2020-10-25_ja_0148,2020-10-25,"Sulit Sinyal Internet, Guru Kontrak SMPN 1 Banjar Datangi Rumah Siswa",Jawa Pos,https://radarbali.jawapos.com/read/2020/10/25/221054/sulit-sinyal-internet-guru-kontrak-smpn-1-banjar-datangi-rumah-siswa
2020-10-25_ja_0149,2020-10-25,HNW Ajak Generasi Muda Lebih Semangat Jalani Kehidupan Berbangsa,Jawa Pos,https://www.jawapos.com/nasional/25/10/2020/hnw-ajak-generasi-muda-lebih-semangat-jalani-kehidupan-berbangsa/
2020-10-25_ja_0150,2020-10-25,Patuhi Panduan Menyusui saat Pandemi,Jawa Pos,https://radarsolo.jawapos.com/read/2020/10/25/221018/patuhi-panduan-menyusui-saat-pandemi
2020-10-25_ja_0151,2020-10-25,Pasukan Records Justru Bangkit di Masa Sulit Pandemi Covid-19,Jawa Pos,https://www.jawapos.com/entertainment/music-movie/25/10/2020/pasukan-records-justru-bangkit-di-masa-sulit-pandemi-covid-19/
2020-10-25_ja_0152,2020-10-25,Pemerintah Pastikan Keluarga Nenek Sumirah Terjamin JKN-KIS,Jawa Pos,https://radarkediri.jawapos.com/read/2020/10/25/221059/pemerintah-pastikan-keluarga-nenek-sumirah-terjamin-jkn-kis
2020-10-25_ja_0153,2020-10-25,"Promo Single Baru, Ariana Grande Tampil Beda Bergaya Klasik 1960-an",Jawa Pos,https://www.jawapos.com/lifestyle/25/10/2020/promo-single-baru-ariana-grande-tampil-beda-bergaya-klasik-1960-an/
2020-10-25_ja_0154,2020-10-25,"Tabloid Berbahasa Jawa, Gratis pun Belum Tentu Dibaca",Jawa Pos,https://www.jawapos.com/features/25/10/2020/tabloid-berbahasa-jawa-gratis-pun-belum-tentu-dibaca/
2020-10-25_ja_0155,2020-10-25,"Beberapa Pekan Tak Terlihat saat Latihan, Kemana Gavin Kwan Adsit?",Jawa Pos,https://radarbali.jawapos.com/read/2020/10/25/221052/beberapa-pekan-tak-terlihat-saat-latihan-kemana-gavin-kwan-adsit
2020-10-25_ja_0156,2020-10-25,Olahraga Lari Bareng Pasangan Bisa Bikin Hubungan Makin Mesra,Jawa Pos,https://www.jawapos.com/lifestyle/25/10/2020/olahraga-lari-bareng-pasangan-bisa-bikin-hubungan-makin-mesra/
2020-10-25_ja_0157,2020-10-25,"Diduga Hina NU, Gus Nur Ditahan di Rutan Bareskrim Polri",Jawa Pos,https://www.jawapos.com/nasional/hukum-kriminal/25/10/2020/diduga-hina-nu-gus-nur-ditahan-di-rutan-bareskrim-polri/
2020-10-25_ja_0158,2020-10-25,"Pemkab Harus Masif Sosialisasi ke Warga, Jangan Ada Diskrimasi",Jawa Pos,https://radartulungagung.jawapos.com/read/2020/10/25/221005/pemkab-harus-masif-sosialisasi-ke-warga-jangan-ada-diskrimasi
2020-10-25_ja_0159,2020-10-25,"Mat Karen, Kisah Buruh Migran dari Bumi Joko Tingkir",Jawa Pos,https://www.jawapos.com/minggu/buku/25/10/2020/mat-karen-kisah-buruh-migran-dari-bumi-joko-tingkir/
2020-10-25_ja_0160,2020-10-25,Andri Ibo Gelar Pertandingan Persahabatan Melawan Mosso FC,Jawa Pos,https://radarkediri.jawapos.com/read/2020/10/25/220891/andri-ibo-gelar-pertandingan-persahabatan-melawan-mosso-fc
2020-10-25_ja_0161,2020-10-25,Penyintas Covid : Harus Percaya Diri dan Membaur,Jawa Pos,https://radartulungagung.jawapos.com/read/2020/10/25/221003/penyintas-covid-harus-percaya-diri-dan-membaur
2020-10-25_ja_0162,2020-10-25, Pasang PDAM Gratis untuk Keluarga Miskin,Jawa Pos,https://www.jawapos.com/surabaya/25/10/2020/mujiaman-pasang-pdam-gratis-untuk-keluarga-miskin/
2020-10-25_ja_0163,2020-10-25,"Maskapai Bertahan saat Covid-19, Ekspansi Layanan hingga Jual Gorengan",Jawa Pos,https://www.jawapos.com/surabaya/25/10/2020/maskapai-bertahan-saat-covid-19-ekspansi-layanan-hingga-jual-gorengan/
2020-10-25_ja_0164,2020-10-25,"Mulai Salurkan Kuota Gratis, P2G: Jangan Kembali Ada yang Tak Dapat",Jawa Pos,https://www.jawapos.com/nasional/pendidikan/25/10/2020/mulai-salurkan-kuota-gratis-p2g-jangan-kembali-ada-yang-tak-dapat/
2020-10-25_ja_0165,2020-10-25,"Tekan Angka Covid-19, Masyarakat Wajib Patuhi 3M saat Libur Panjang",Jawa Pos,https://www.jawapos.com/nasional/25/10/2020/tekan-angka-covid-19-masyarakat-wajib-patuhi-3m-saat-libur-panjang/
2020-10-25_ja_0166,2020-10-25,PSBB Transisi DKI Jakarta Diperpanjang Hingga 8 November,Jawa Pos,https://www.jawapos.com/jabodetabek/25/10/2020/psbb-transisi-dki-jakarta-diperpanjang-hingga-8-november/
2020-10-25_ja_0167,2020-10-25,"Huawei Resmi Ungkap Mate 40 Series Terbaru, Simak Spesifikasinya",Jawa Pos,https://www.jawapos.com/oto-dan-tekno/gadget/25/10/2020/huawei-resmi-ungkap-mate-40-series-terbaru-simak-spesifikasinya/
2020-10-25_ja_0168,2020-10-25,Indra Catri Janji Benahi Infrastruktur Kepulauan Mentawai,Jawa Pos,https://padek.jawapos.com/sumbar/mentawai/25/10/2020/indra-catri-janji-benahi-infrastruktur-kepulauan-mentawai/
2020-10-25_ja_0169,2020-10-25,"Di Dharmasraya, Andre Rosiade Gelontorkan Ratusan Juta & Ambulans",Jawa Pos,https://padek.jawapos.com/sumbar/dharmasraya/25/10/2020/di-dharmasraya-andre-rosiade-gelontorkan-ratusan-juta-ambulans/
2020-10-25_ja_0170,2020-10-25,"Beralih Produksi Cangkang Cincin, Tetap Sabar Meski Orderan Sepi",Jawa Pos,https://radarbali.jawapos.com/read/2020/10/25/221051/beralih-produksi-cangkang-cincin-tetap-sabar-meski-orderan-sepi
2020-10-25_ja_0171,2020-10-25,"Dedikasi Abdir, 'Mahaguru' Bahasa Madura",Jawa Pos,https://www.jawapos.com/features/25/10/2020/dedikasi-abdir-mahaguru-bahasa-madura/
2020-10-25_ja_0172,2020-10-25,WHO Sebut Beberapa Negara dalam Kondisi Bahaya Kasus Covid-19,Jawa Pos,https://www.jawapos.com/internasional/25/10/2020/who-sebut-beberapa-negara-dalam-kondisi-bahaya-kasus-covid-19/
2020-10-25_ja_0173,2020-10-25,"Iluni UI Gelar Turnamen Mobile Legend, Undang Ribuan Gamers Bertarung",Jawa Pos,https://www.jawapos.com/hobi-kesenangan/25/10/2020/iluni-ui-gelar-turnamen-mobile-legend-undang-ribuan-gamers-bertarung/
2020-10-25_ja_0174,2020-10-25,Manfaatkan Donor ASI Tak Bisa Serampangan,Jawa Pos,https://radarsolo.jawapos.com/read/2020/10/25/221017/manfaatkan-donor-asi-tak-bisa-serampangan
2020-10-25_ja_0175,2020-10-25,"Kemendikbud Tambah Aplikasi dan Situs Kuota Belajar, Berikut Daftarnya",Jawa Pos,https://www.jawapos.com/nasional/pendidikan/25/10/2020/kemendikbud-tambah-aplikasi-dan-situs-kuota-belajar-berikut-daftarnya/
2020-10-25_ja_0176,2020-10-25,"Nol Kasus Covid-19 Bertambah, Surabaya Bersiap Pulihkan Ekonomi",Jawa Pos,https://www.jawapos.com/surabaya/25/10/2020/nol-kasus-covid-19-bertambah-surabaya-bersiap-pulihkan-ekonomi/
2020-10-25_ja_0177,2020-10-25,"Reflektor Belakang Bermasalah, Puluhan Ribu Motor Yamaha Kena Recall",Jawa Pos,https://www.jawapos.com/oto-dan-tekno/otomotif/25/10/2020/reflektor-belakang-bermasalah-puluhan-ribu-motor-yamaha-kena-recall/
2020-10-25_ja_0178,2020-10-25,Kevin Aprilio-Vicy Melanie Resmi Menikah,Jawa Pos,https://www.jawapos.com/entertainment/infotainment/25/10/2020/kevin-aprilio-vicy-melanie-resmi-menikah/
2020-10-25_ja_0179,2020-10-25,Lansia Indonesia dan Bayi dari India Jadi Pasien Covid-19 di Singapura,Jawa Pos,https://www.jawapos.com/internasional/25/10/2020/lansia-indonesia-dan-bayi-dari-india-jadi-pasien-covid-19-di-singapura/
2020-10-25_ja_0180,2020-10-25,"Hilang Lima Hari, Ditemukan Mati Gantung Diri",Jawa Pos,https://radarjember.jawapos.com/peristiwa/25/10/2020/hilang-lima-hari-ditemukan-mati-gantung-diri/
2020-10-25_ja_0181,2020-10-25,"Kini, Bermunculan Novel Modern Berbahasa Daerah",Jawa Pos,https://www.jawapos.com/features/25/10/2020/kini-bermunculan-novel-modern-berbahasa-daerah/
2020-10-25_ja_0182,2020-10-25,Dalem Tumenggungan Jadi Sarana Melawan Propaganda Kolonial,Jawa Pos,https://radarsolo.jawapos.com/read/2020/10/25/221015/dalem-tumenggungan-jadi-sarana-melawan-propaganda-kolonial
2020-10-25_ja_0183,2020-10-25,Bupati Agus Usulkan 9 Desa di Buleleng Bangun TPS3R ke Kemen PUPR,Jawa Pos,https://radarbali.jawapos.com/read/2020/10/25/221050/bupati-agus-usulkan-9-desa-di-buleleng-bangun-tps3r-ke-kemen-pupr
2020-10-25_ja_0184,2020-10-25,"Kemendikbud Salurkan 35,7 Juta Kuota Gratis dan Tambah Kuota Belajar",Jawa Pos,https://www.jawapos.com/nasional/pendidikan/25/10/2020/kemendikbud-salurkan-357-juta-kuota-gratis-dan-tambah-kuota-belajar/
2020-10-25_ja_0185,2020-10-25,"Selain Kasus Kematian, Vaksin AstraZeneca Sempat Timbulkan Efek Serius",Jawa Pos,https://www.jawapos.com/kesehatan/25/10/2020/selain-kasus-kematian-vaksin-astrazeneca-sempat-timbulkan-efek-serius/
2020-10-25_ja_0186,2020-10-25,"Polri Tangkap Gus Nur, Begini Pendapat Lakpesdam PBNU",Jawa Pos,https://www.jawapos.com/nasional/hukum-kriminal/25/10/2020/polri-tangkap-gus-nur-begini-pendapat-lakpesdam-pbnu/
2020-10-25_ja_0187,2020-10-25,"Gempa 5,9 SR Guncang Pangandaran, Tidak Berpotensi Tsunami",Jawa Pos,https://www.jawapos.com/nasional/25/10/2020/gempa-59-sr-guncang-pangandaran-tidak-berpotensi-tsunami/
2020-10-25_ja_0188,2020-10-25,"32 Tahun Deposito Tak Diurus, Uang Rp 5,4 Miliar Anna Suryanti Hangus",Jawa Pos,https://www.jawapos.com/surabaya/25/10/2020/32-tahun-deposito-tak-diurus-uang-rp-54-miliar-anna-suryanti-hangus/
2020-10-25_ja_0189,2020-10-25,"Wabah AHPND Diduga dari Bibit Impor, Ini Curhat Pengusaha Tambak Udang",Jawa Pos,https://radarbali.jawapos.com/read/2020/10/25/221049/wabah-ahpnd-diduga-dari-bibit-impor-ini-curhat-pengusaha-tambak-udang
2020-10-25_ja_0190,2020-10-25,Peneliti Ungkap Minum Kopi Sebelum Sarapan Picu Lonjakan Gula Darah,Jawa Pos,https://www.jawapos.com/kesehatan/25/10/2020/peneliti-ungkap-minum-kopi-sebelum-sarapan-picu-lonjakan-gula-darah/
2020-10-25_ja_0191,2020-10-25,Wisata Kota Tua Ramai saat PSBB Transisi,Jawa Pos,https://www.jawapos.com/photo/wisata-kota-tua-ramai-saat-psbb-transisi/
2020-10-25_ja_0192,2020-10-25,Fashion Show Virtual Jadi Pilihan di Tengah Pandemi,Jawa Pos,https://www.jawapos.com/photo/fashion-show-virtual-jadi-pilihan-di-tengah-pandemi/
2020-10-25_ja_0193,2020-10-25,Tulungagung Masih Tetap Zona Kuning,Jawa Pos,https://radartulungagung.jawapos.com/read/2020/10/25/221002/tulungagung-masih-tetap-zona-kuning
2020-10-25_ja_0194,2020-10-25,"Libur Panjang, Polri-Kemenhub Antisipasi Kasus Baru Covid-19",Jawa Pos,https://www.jawapos.com/nasional/25/10/2020/libur-panjang-polri-kemenhub-antisipasi-kasus-baru-covid-19/
2020-10-25_ja_0195,2020-10-25,"Tak Boleh Lengah, Meski Angka Kesembuhan Covid-19 Tinggi",Jawa Pos,https://radartulungagung.jawapos.com/read/2020/10/25/221001/tak-boleh-lengah-meski-angka-kesembuhan-covid-19-tinggi
2020-10-25_ja_0196,2020-10-25,"Sulit Makan, Pasien Kanker Anak yang Kurang Gizi Dibantu Lewat Selang",Jawa Pos,https://www.jawapos.com/kesehatan/25/10/2020/sulit-makan-pasien-kanker-anak-yang-kurang-gizi-dibantu-lewat-selang/
2020-10-25_ja_0197,2020-10-25,Polda Metro Jaya Kerahkan Ratusan Personel untuk Amankan Cuti Bersama,Jawa Pos,https://www.jawapos.com/jabodetabek/25/10/2020/polda-metro-jaya-kerahkan-ratusan-personel-untuk-amankan-cuti-bersama/
2020-10-25_ja_0198,2020-10-25,"Istri Tak “Suci”, Sebulan Nikah Cerai",Jawa Pos,https://radarsolo.jawapos.com/read/2020/10/25/221021/istri-tak-suci-sebulan-nikah-cerai
2020-10-25_ja_0199,2020-10-25,"Putusan Banding Kuatkan Vonis 6,5 Tahun Penjara Bagi Yul Dirga",Jawa Pos,https://www.jawapos.com/nasional/hukum-kriminal/25/10/2020/putusan-banding-kuatkan-vonis-65-tahun-penjara-bagi-yul-dirga/
2020-10-25_ja_0200,2020-10-25,"Restorasi Mercedes Benz W115, Ride Daily in VIP",Jawa Pos,https://radarsolo.jawapos.com/read/2020/10/25/221016/restorasi-mercedes-benz-w115-ride-daily-in-vip
2020-10-25_ja_0201,2020-10-25,"Tak Liburkan Skuad Serdadu Tridatu, Teco Minta Pemain Tetap Latihan",Jawa Pos,https://radarbali.jawapos.com/read/2020/10/25/221048/tak-liburkan-skuad-serdadu-tridatu-teco-minta-pemain-tetap-latihan
2020-10-25_ja_0202,2020-10-25,Pembelajaran Jarak Jauh Bahasa Inggris dengan Office 365,Jawa Pos,https://radarsemarang.jawapos.com/rubrik/untukmu-guruku/2020/10/25/pembelajaran-jarak-jauh-bahasa-inggris-dengan-office-365/
2020-10-25_ja_0203,2020-10-25,"Pemberani, 4 Zodiak Ini Tak Pernah Takut Hadapi Situasi Apapun",Jawa Pos,https://www.jawapos.com/lifestyle/25/10/2020/pemberani-4-zodiak-ini-tak-pernah-takut-hadapi-situasi-apapun/
2020-10-25_ja_0204,2020-10-25, Penangkapan Gus Nur Sudah Berdasarkan Bukti-Bukti Jelas‎,Jawa Pos,https://radarsurabaya.jawapos.com/read/2020/10/25/221056/dpr-penangkapan-gus-nur-sudah-berdasarkan-bukti-bukti-jelas
2020-10-25_ja_0205,2020-10-25,Pembelajaran Penyembelihan Aqiqah dan Kurban dengan Model DMR,Jawa Pos,https://radarsemarang.jawapos.com/rubrik/untukmu-guruku/2020/10/25/pembelajaran-penyembelihan-aqiqah-dan-kurban-dengan-model-dmr/
2020-10-25_ja_0206,2020-10-25,"Jembatan Polkadot Merapi, Warna-Warni di Jalur Perbatasan",Jawa Pos,https://radarsolo.jawapos.com/read/2020/10/25/221025/jembatan-polkadot-merapi-warna-warni-di-jalur-perbatasan
2020-10-25_ja_0207,2020-10-25,Tips Orang Tua Mengedukasi Anak Agar Tidak Tertular Covid-19,Jawa Pos,https://www.jawapos.com/kesehatan/25/10/2020/tips-orang-tua-mengedukasi-anak-agar-tidak-tertular-covid-19/
2020-10-25_ja_0208,2020-10-25,"Rayakan Sumpah Pemuda, 1.092 Pelari Ramaikan AZA Virtual Run 2020",Jawa Pos,https://radarbali.jawapos.com/read/2020/10/25/221053/rayakan-sumpah-pemuda-1092-pelari-ramaikan-aza-virtual-run-2020
2020-10-25_ja_0209,2020-10-25,"Perizinan Mulai Melonggar, 4 Penggawa Pulang ke Kampung Halaman",Jawa Pos,https://radarsolo.jawapos.com/read/2020/10/25/221023/perizinan-mulai-melonggar-4-penggawa-pulang-ke-kampung-halaman
2020-10-25_ja_0210,2020-10-25, Penangkapan Gus Nur Sudah Berdasarkan Bukti-Bukti Jelas‎,Jawa Pos,https://radarsemarang.jawapos.com/webtorial/2020/10/25/dpr-penangkapan-gus-nur-sudah-berdasarkan-bukti-bukti-jelas%e2%80%8e-2/
2020-10-25_ja_0211,2020-10-25,Mengenalkan Peran Tokoh melalui Game Tebak Tokoh,Jawa Pos,https://radarsemarang.jawapos.com/rubrik/untukmu-guruku/2020/10/25/mengenalkan-peran-tokoh-melalui-game-tebak-tokoh/
2020-10-25_ja_0212,2020-10-25,"Setelah Filipina dan Vietnam, Wabah AHPND Serang Tambak Udang di Bali",Jawa Pos,https://radarbali.jawapos.com/read/2020/10/25/221047/setelah-filipina-dan-vietnam-wabah-ahpnd-serang-tambak-udang-di-bali
2020-10-25_ja_0213,2020-10-25,"Dalem Tumenggungan, Cikal Bakal Radio Pertama di Indonesia",Jawa Pos,https://radarsolo.jawapos.com/read/2020/10/25/221014/dalem-tumenggungan-cikal-bakal-radio-pertama-di-indonesia
2020-10-25_ja_0214,2020-10-25,"Pengurus Angkatan, Wilayah, dan Organisasi Pendukung Ikasmansa Pekanbaru  Dilantik",Jawa Pos,https://riaupos.jawapos.com/riau/25/10/2020/240308/pengurus-angkatan-wilayah-dan-organisasi-pendukung-ikasmansa-pekanbaru- dilantik.html
2020-10-25_ja_0215,2020-10-25,"Kecemasan Siswa saat PJJ,  Perlu Perhatian Menyeluruh",Jawa Pos,https://radarsemarang.jawapos.com/rubrik/untukmu-guruku/2020/10/25/kecemasan-siswa-saat-pjj-perlu-perhatian-menyeluruh/
2020-10-25_ja_0216,2020-10-25,Pengalaman Menginap di Ruang Isolasi Covid-19 Hotel Asrama Haji (3),Jawa Pos,https://www.jawapos.com/features/25/10/2020/pengalaman-menginap-di-ruang-isolasi-covid-19-hotel-asrama-haji-3/
2020-10-25_ja_0217,2020-10-25,"Beberapa Perumahan di Bekasi Terendam Banjir hingga 1,5 Meter",Jawa Pos,https://www.jawapos.com/jabodetabek/25/10/2020/beberapa-perumahan-di-bekasi-terendam-banjir-hingga-15-meter/
2020-10-25_ja_0218,2020-10-25,Pasien Covid-19 Sembuh di Pamekasan Meningkat,Jawa Pos,https://www.jawapos.com/jpg-today/25/10/2020/pasien-covid-19-sembuh-di-pamekasan-meningkat/
2020-10-25_ja_0219,2020-10-25,Pemkab Bangkalan Usulkan 10 Ribu Pelaku Usaha Terima Bantuan,Jawa Pos,https://www.jawapos.com/jpg-today/25/10/2020/pemkab-bangkalan-usulkan-10-ribu-pelaku-usaha-terima-bantuan/
2020-10-25_ja_0220,2020-10-25,"Adopsi Program Jokowi, Paket GiriAsa Komit Bikin Bahagia Rakyat Badung",Jawa Pos,https://radarbali.jawapos.com/read/2020/10/25/221046/adopsi-program-jokowi-paket-giriasa-komit-bikin-bahagia-rakyat-badung
2020-10-25_ja_0221,2020-10-25,Pemkab Ngawi Catat Delapan Kasus Baru Covid-19,Jawa Pos,https://www.jawapos.com/jpg-today/25/10/2020/pemkab-ngawi-catat-delapan-kasus-baru-covid-19/
2020-10-25_ja_0222,2020-10-25,BMKG Sebut Badai Tropis Berpotensi Terbentuk di Laut Selatan Jawa,Jawa Pos,https://www.jawapos.com/jpg-today/25/10/2020/bmkg-sebut-badai-tropis-berpotensi-terbentuk-di-laut-selatan-jawa/
2020-10-25_ja_0223,2020-10-25,"Dibantai 0-13 oleh Ajax, Pelatih VVV Venlo: Kepala Kami Tetap Tegak",Jawa Pos,https://www.jawapos.com/sepak-bola/sepak-bola-dunia/25/10/2020/dibantai-0-13-oleh-ajax-pelatih-vvv-venlo-kepala-kami-tetap-tegak/
2020-10-25_ja_0224,2020-10-25,Oknum Perwira Polda Riau Ditangkap Bawa Sabu-Sabu 16 Kg,Jawa Pos,https://www.jawapos.com/nasional/hukum-kriminal/25/10/2020/oknum-perwira-polda-riau-ditangkap-bawa-sabu-sabu-16-kg/
2020-10-25_ja_0225,2020-10-25,Anggota DPRA Dukung Penerapan Hukuman Cambuk Pemain Game PUBG di Aceh,Jawa Pos,https://www.jawapos.com/jpg-today/25/10/2020/anggota-dpra-dukung-penerapan-hukuman-cambuk-pemain-game-pubg-di-aceh/
2020-10-25_ja_0226,2020-10-25,"Keok di El Clasico, Pelatih Barcelona Salahkan VAR",Jawa Pos,https://www.jawapos.com/sepak-bola/sepak-bola-dunia/25/10/2020/keok-di-el-clasico-pelatih-barcelona-salahkan-var/
2020-10-25_ja_0227,2020-10-25,"Bioskop Kembali Beroperasi, Warga Diminta Terapkan Protokol Kesehatan",Jawa Pos,https://www.jawapos.com/jabodetabek/25/10/2020/bioskop-kembali-beroperasi-warga-diminta-terapkan-protokol-kesehatan/
2020-10-25_ja_0228,2020-10-25,"Ini Laga Terakhirku, Alhamdulillah: Transkrip Pidato Kemenangan Khabib",Jawa Pos,https://www.jawapos.com/sports/25/10/2020/ini-laga-terakhirku-alhamdulillah-transkrip-pidato-kemenangan-khabib/
2020-10-25_ja_0229,2020-10-25,"Buleleng Catat Tiga Pasien Covid Meninggal, Ini Rekam Jejak Almarhum",Jawa Pos,https://radarbali.jawapos.com/read/2020/10/25/221045/buleleng-catat-tiga-pasien-covid-meninggal-ini-rekam-jejak-almarhum
2020-10-25_ja_0230,2020-10-25,"Polda Bali Gelar Operasi Zebra Lempuyang, Disiplinkan Prokes",Jawa Pos,https://baliexpress.jawapos.com/read/2020/10/25/220889/polda-bali-gelar-operasi-zebra-lempuyang-disiplinkan-prokes
2020-10-25_ja_0231,2020-10-25,"Gugah Warga Taat Prokes, Kelurahan Sumerta Gencarkan Inovasi Suling",Jawa Pos,https://baliexpress.jawapos.com/read/2020/10/25/220886/gugah-warga-taat-prokes-kelurahan-sumerta-gencarkan-inovasi-suling
2020-10-25_ja_0232,2020-10-25,Pengelola Obyek Wisata Diminta Perketat Prokes,Jawa Pos,https://baliexpress.jawapos.com/read/2020/10/25/220648/pengelola-obyek-wisata-diminta-perketat-prokes
2020-10-25_ja_0233,2020-10-25,Dispar Siapkan Edaran Perketat Prokes Saat Libur Panjang,Jawa Pos,https://baliexpress.jawapos.com/read/2020/10/25/220883/dispar-siapkan-edaran-perketat-prokes-saat-libur-panjang
2020-10-25_ja_0234,2020-10-25,Di Malam Hari Polsek Seberida  Sosialisasi Adaptasi Kebiasaan Baru,Jawa Pos,https://riaupos.jawapos.com/indragiri-hulu/24/10/2020/240306/di-malam-hari-polsek-seberida  sosialisasi-adaptasi-kebiasaan-baru.html
2020-10-25_ja_0235,2020-10-25,Hoax Fadli Zon Ancam Jemput Eks ISIS,Jawa Pos,https://www.jawapos.com/hoax-atau-bukan/25/10/2020/hoax-fadli-zon-ancam-jemput-eks-isis/
2020-10-25_ja_0236,2020-10-25,"Cegah Covid-19, Astra BMW Tingkatkan Layanan Prokes ke Pelanggan",Jawa Pos,https://baliexpress.jawapos.com/read/2020/10/25/220855/cegah-covid-19-astra-bmw-tingkatkan-layanan-prokes-ke-pelanggan
2020-10-25_ja_0237,2020-10-25,"Klub Liga 1 Libur Hingga Bubarkan Tim, Bali United Sabar Menunggu",Jawa Pos,https://radarbali.jawapos.com/read/2020/10/25/221042/klub-liga-1-libur-hingga-bubarkan-tim-bali-united-sabar-menunggu
2020-10-25_ja_0238,2020-10-25,"Khabib Pensiun, Conor McGregor Punya Kans Jadi Juara Dunia Baru",Jawa Pos,https://www.jawapos.com/sports/25/10/2020/khabib-pensiun-conor-mcgregor-punya-kans-jadi-juara-dunia-baru/
2020-10-25_ja_0239,2020-10-25,Khabib Nurmagomedov Langsung Pensiun Setelah Pertahankan Juara Dunia,Jawa Pos,https://www.jawapos.com/sports/25/10/2020/khabib-nurmagomedov-langsung-pensiun-setelah-pertahankan-juara-dunia/
2020-10-25_ja_0240,2020-10-25,"1 Pendemo Diproses, 11 Orang Dipulangkan",Jawa Pos,https://radarbanyuwangi.jawapos.com/read/2020/10/25/221044/1-pendemo-diproses-11-orang-dipulangkan
2020-10-25_ja_0241,2020-10-25,"Pimpin PWI Banyuwangi,  Janji Rangkul Semua Wartawan",Jawa Pos,https://radarbanyuwangi.jawapos.com/read/2020/10/25/221043/pimpin-pwi-banyuwangi-janji-rangkul-semua-wartawan
2020-10-25_ja_0242,2020-10-25,"Ingin Saingi Sake dari Soju dari Jepang, Koster Genjot Produksi Arak",Jawa Pos,https://radarbali.jawapos.com/read/2020/10/25/221041/ingin-saingi-sake-dari-soju-dari-jepang-koster-genjot-produksi-arak
2020-10-25_ja_0243,2020-10-25,Minamas Berikan Beasiswa di Kala Pandemi,Jawa Pos,https://www.jawapos.com/bersama-lawan-covid-19/25/10/2020/minamas-berikan-beasiswa-di-kala-pandemi/
2020-10-25_ja_0244,2020-10-25,"Isi Waktu Luang, Petani Muda Denpasar Belajar Olah Jagung Manis",Jawa Pos,https://radarbali.jawapos.com/read/2020/10/25/221040/isi-waktu-luang-petani-muda-denpasar-belajar-olah-jagung-manis
2020-10-25_ja_0245,2020-10-25,"Rekam Aktifitas Lewat Video, Penilaian Dilakukan Secara Daring",Jawa Pos,https://radarbali.jawapos.com/read/2020/10/25/221039/rekam-aktifitas-lewat-video-penilaian-dilakukan-secara-daring
2020-10-25_ja_0246,2020-10-25,Tiga Rumah Semipermanen Terbakar di Inhil,Jawa Pos,https://riaupos.jawapos.com/indragiri-hilir/24/10/2020/240305/tiga-rumah-semipermanen-terbakar-di-inhil.html
2020-10-25_ja_0247,2020-10-25,Begini Doa Anak-anak Panti Asuhan SLA YAPPI untuk VAP,Jawa Pos,https://manadopost.jawapos.com/publika-politika/25/10/2020/begini-doa-anak-anak-panti-asuhan-sla-yappi-untuk-vap/
2020-10-25_ja_0248,2020-10-25,"Ibadah Sabat di GMAHK Tompaso, Hamba Tuhan Doakan VAP Jadi Gubernur Sulut",Jawa Pos,https://manadopost.jawapos.com/minahasa-raya/minahasa/25/10/2020/ibadah-sabat-di-gmahk-tompaso-hamba-tuhan-doakan-vap-jadi-gubernur-sulut/
2020-10-25_ja_0249,2020-10-25,"SGR-NAP Nomor Satu di Minut, Pemimpin Tanah Tonsea 2021",Jawa Pos,https://manadopost.jawapos.com/minahasa-raya/minahasa-utara/25/10/2020/sgr-nap-nomor-satu-di-minut-pemimpin-tanah-tonsea-2021/
2020-10-25_ja_0250,2020-10-25,"Terobos Stigma Takut Usaha, Awet Bisnis Kopi Harus Buka Akses Digital",Jawa Pos,https://radarbali.jawapos.com/read/2020/10/25/221037/terobos-stigma-takut-usaha-awet-bisnis-kopi-harus-buka-akses-digital
2020-10-25_ja_0251,2020-10-25,"Stadion Dipta Direvitalisasi untuk Piala Dunia, Markas Damkar Pindah",Jawa Pos,https://radarbali.jawapos.com/read/2020/10/25/221036/stadion-dipta-direvitalisasi-untuk-piala-dunia-markas-damkar-pindah
